Rk,Season,Team,Lg,GP,W,L,WL%,ERA,G,CG,SHO,SV,IP,H,R,ER,HR,BB,IBB,SO,HBP,BK,WP,BF,ERA+,FIP,WHIP,H9,HR9,BB9,SO9,SO/BB
1,1948,BBB,NAL,93,63,28,.692,3.75,29,15,3,2,244.2,275,137,102,11,83,0,152,5,0,6,1093,129,3.18,1.463,10.1,0.4,3.1,5.6,1.83
2,1948,BEG,NN2,80,49,29,.628,2.60,59,38,4,6,518.2,450,210,150,8,158,,333,8,,5,2132,131,2.63,1.172,7.8,0.1,2.7,5.8,2.11
3,1948,CAG,NAL,96,38,57,.400,6.81,13,5,0,0,108.1,150,99,82,4,49,0,61,6,0,7,528,73,3.63,1.837,12.5,0.3,4.1,5.1,1.24
4,1948,CBE,NAL,105,48,54,.471,5.15,22,12,0,0,183.1,212,142,105,10,92,0,101,12,1,1,879,95,4.07,1.658,10.4,0.5,4.5,5.0,1.10
5,1948,HG,NN2,67,42,24,.636,3.79,42,23,2,5,358.2,344,208,151,8,150,,157,8,,3,1557,91,3.49,1.377,8.6,0.2,3.8,3.9,1.05
6,1948,IC,NAL,106,40,61,.396,5.46,31,18,0,0,245.2,303,200,149,12,90,0,108,9,0,3,1139,90,3.72,1.600,11.1,0.4,3.3,4.0,1.20
7,1948,KCM,NAL,104,67,34,.663,3.92,47,30,3,5,401.2,402,241,175,11,166,0,291,24,0,12,1786,123,3.08,1.414,9.0,0.2,3.7,6.5,1.75
8,1948,MRS,NAL,112,43,65,.398,6.42,13,4,0,1,110.2,145,100,79,9,59,0,46,1,1,0,537,77,4.61,1.843,11.8,0.7,4.8,3.7,0.78
9,1948,NBY,NN2,47,9,38,.191,5.37,25,8,1,1,209.1,252,158,125,11,80,,96,10,,0,961,65,3.81,1.586,10.8,0.5,3.4,4.1,1.20
10,1948,NE,NN2,61,31,29,.517,2.84,54,32,6,4,456.2,405,209,144,7,164,,260,13,,6,1956,120,2.98,1.246,8.0,0.1,3.2,5.1,1.59
11,1948,NYC,NN2,49,19,29,.396,3.54,42,24,2,1,366.1,394,197,144,21,132,,223,7,,10,1626,97,3.42,1.436,9.7,0.5,3.2,5.5,1.69
12,1948,PS,NN2,62,30,31,.492,3.50,49,31,3,1,419.2,444,208,163,16,142,,264,10,,9,1811,98,3.08,1.396,9.5,0.3,3.0,5.7,1.86
13,1947,BBB,NAL,92,50,42,.543,4.98,16,6,0,1,137.1,172,91,76,8,48,0,71,6,0,0,628,98,3.58,1.602,11.3,0.5,3.1,4.7,1.48
14,1947,BEG,NN2,83,41,40,.506,3.16,67,44,4,6,581.0,552,285,204,8,228,0,353,17,0,14,2515,127,2.90,1.343,8.6,0.1,3.5,5.5,1.55
15,1947,CAG,NAL,87,29,58,.333,5.57,29,14,2,3,248.2,285,197,154,10,127,1,132,14,0,8,1159,87,3.84,1.657,10.3,0.4,4.6,4.8,1.04
16,1947,CBE,NAL,76,57,19,.750,4.15,21,11,2,2,178.0,194,121,82,8,71,0,93,9,0,5,801,118,3.56,1.489,9.8,0.4,3.6,4.7,1.31
17,1947,HG,NN2,74,35,35,.500,3.78,64,31,3,7,512.1,515,282,215,15,191,0,291,15,0,7,2243,107,3.13,1.378,9.0,0.3,3.4,5.1,1.52
18,1947,IC,NAL,106,36,68,.346,5.06,30,18,0,1,245.1,304,187,138,14,88,0,98,7,2,2,1140,97,3.78,1.598,11.2,0.5,3.2,3.6,1.11
19,1947,KCM,NAL,98,62,36,.633,4.31,65,38,3,4,549.1,597,350,263,14,240,0,343,26,0,6,2511,112,3.21,1.524,9.8,0.2,3.9,5.6,1.43
20,1947,MRS,NAL,101,44,55,.444,5.37,21,13,0,0,179.1,213,139,107,8,91,0,102,7,0,5,844,91,3.76,1.695,10.7,0.4,4.6,5.1,1.12
21,1947,NBY,NN2,59,12,43,.218,6.18,34,14,1,0,288.1,368,236,198,25,119,0,126,12,0,9,1356,66,4.29,1.689,11.5,0.8,3.7,3.9,1.06
22,1947,NE,NN2,92,51,40,.560,3.88,59,36,3,4,503.1,525,280,217,18,169,0,284,16,0,4,2193,104,3.11,1.379,9.4,0.3,3.0,5.1,1.68
23,1947,NYC,NN2,68,47,20,.701,2.84,41,20,4,4,367.2,332,153,116,17,118,0,222,5,0,6,1534,142,3.07,1.224,8.1,0.4,2.9,5.4,1.88
24,1947,PS,NN2,66,28,36,.438,5.06,49,27,3,6,418.1,466,286,235,24,160,0,243,6,0,8,1860,80,3.45,1.496,10.0,0.5,3.4,5.2,1.52
25,1946,BBB,NAL,85,46,37,.554,4.23,10,7,0,0,83.0,94,46,39,2,22,0,58,3,0,1,366,100,2.40,1.398,10.2,0.2,2.4,6.3,2.64
26,1946,BEG,NN2,77,38,34,.528,3.93,66,36,3,6,559.0,545,312,244,28,193,1,273,12,0,6,2427,112,3.36,1.320,8.8,0.5,3.1,4.4,1.41
27,1946,CAG,NAL,106,39,64,.379,3.63,20,12,1,1,171.0,159,99,69,1,72,0,106,15,0,9,776,116,2.95,1.351,8.4,0.1,3.8,5.6,1.47
28,1946,CBE,NAL,80,40,38,.513,5.81,19,7,0,2,161.0,202,129,104,11,68,1,76,7,0,2,765,74,3.92,1.677,11.3,0.6,3.8,4.2,1.12
29,1946,HG,NN2,77,39,35,.527,4.51,60,26,4,7,509.0,502,301,255,18,211,1,252,18,2,9,2280,98,3.40,1.401,8.9,0.3,3.7,4.5,1.19
30,1946,IC,NAL,84,35,48,.422,3.88,26,14,0,2,225.0,243,132,97,8,88,0,144,3,0,3,1002,108,2.98,1.471,9.7,0.3,3.5,5.8,1.64
31,1946,KCM,NAL,81,60,19,.759,3.29,40,23,1,5,339.2,300,166,124,4,120,0,208,10,1,5,1444,126,2.66,1.237,7.9,0.1,3.2,5.5,1.73
32,1946,MRS,NAL,107,44,58,.431,5.45,12,2,0,1,100.2,127,76,61,2,46,0,79,8,0,0,476,78,2.88,1.719,11.4,0.2,4.1,7.1,1.72
33,1946,NBY,NN2,59,11,48,.186,6.43,44,18,0,0,368.0,497,307,263,22,148,5,133,3,1,2,1742,69,3.87,1.753,12.2,0.5,3.6,3.3,0.90
34,1946,NE,NN2,74,50,22,.694,3.26,62,40,6,6,538.0,501,254,195,17,179,1,313,7,0,4,2304,135,2.87,1.264,8.4,0.3,3.0,5.2,1.75
35,1946,NYC,NN2,70,37,31,.544,4.39,49,19,3,5,408.1,440,235,199,17,185,1,216,12,1,4,1841,100,3.51,1.531,9.7,0.4,4.1,4.8,1.17
36,1946,PS,NN2,69,31,36,.463,4.40,64,31,4,4,544.1,567,313,266,17,216,0,301,5,0,5,2382,100,3.10,1.438,9.4,0.3,3.6,5.0,1.39
37,1945,BBB,NAL,82,47,33,.588,3.90,27,14,2,1,223.2,224,131,97,3,68,2,106,5,0,2,978,106,2.91,1.306,9.0,0.1,2.7,4.3,1.56
38,1945,BEG,NN2,70,36,32,.529,4.72,56,29,2,3,486.0,528,314,255,13,184,0,288,11,2,8,2185,87,3.07,1.465,9.8,0.2,3.4,5.3,1.57
39,1945,CAG,NAL,101,46,54,.460,4.42,37,20,3,1,320.0,320,203,157,6,117,0,166,6,0,1,1399,94,3.06,1.366,9.0,0.2,3.3,4.7,1.42
40,1945,CBE,NAL,81,63,17,.788,2.52,22,16,2,2,189.0,166,63,53,7,64,0,76,5,1,2,788,165,3.47,1.217,7.9,0.3,3.0,3.6,1.19
41,1945,HG,NN2,64,41,21,.661,3.01,50,32,6,4,442.2,443,189,148,7,141,1,249,9,0,7,1924,136,2.80,1.319,9.0,0.1,2.9,5.1,1.77
42,1945,CC,NAL,96,39,56,.411,5.15,22,10,0,0,185.1,224,139,106,8,68,1,90,4,0,3,846,81,3.46,1.576,10.9,0.4,3.3,4.4,1.32
43,1945,KCM,NAL,96,52,41,.559,3.64,50,27,4,7,427.2,422,225,173,14,134,0,298,2,0,3,1802,113,2.69,1.300,8.9,0.3,2.8,6.3,2.22
44,1945,MRS,NAL,88,20,66,.233,5.23,24,15,0,1,198.0,244,154,115,7,67,0,83,3,1,5,907,80,3.38,1.571,11.1,0.3,3.0,3.8,1.24
45,1945,NBY,NN2,39,11,28,.282,4.99,31,17,1,2,265.1,327,187,147,12,107,0,121,5,0,0,1226,83,3.64,1.636,11.1,0.4,3.6,4.1,1.13
46,1945,NE,NN2,49,27,22,.551,4.32,22,15,0,0,185.1,198,113,89,12,68,0,84,6,1,4,829,96,3.83,1.435,9.6,0.6,3.3,4.1,1.24
47,1945,NYC,NN2,42,15,27,.357,3.87,30,12,1,4,253.1,266,129,109,11,67,5,168,5,0,3,1091,107,2.79,1.314,9.5,0.4,2.4,6.0,2.51
48,1945,PS,NN2,50,25,25,.500,3.85,51,24,3,2,449.0,450,241,192,12,174,2,274,11,0,2,1966,107,3.06,1.390,9.0,0.2,3.5,5.5,1.57
49,1944,BBB,NAL,69,47,22,.681,3.64,33,19,3,1,279.2,269,145,113,9,76,1,127,10,0,0,1187,96,3.11,1.234,8.7,0.3,2.4,4.1,1.67
50,1944,BEG,NN2,72,34,38,.472,4.10,34,20,2,2,296.0,321,163,135,9,88,2,162,14,0,3,1297,107,3.02,1.382,9.8,0.3,2.7,4.9,1.84
51,1944,CAG,NAL,87,33,54,.379,3.58,22,17,0,0,186.0,191,101,74,2,54,0,86,8,0,4,802,98,2.90,1.317,9.2,0.1,2.6,4.2,1.59
52,1944,CBE,NAL,79,46,33,.582,3.77,24,17,1,1,200.1,220,99,84,3,57,0,86,2,1,3,854,93,2.90,1.383,9.9,0.1,2.6,3.9,1.51
53,1944,HG,NN2,75,48,24,.667,4.21,55,34,7,3,490.0,532,258,229,11,153,0,209,11,1,9,2119,104,3.12,1.398,9.8,0.2,2.8,3.8,1.37
54,1944,CC,NAL,90,49,41,.544,3.54,27,16,1,1,226.0,238,120,89,3,64,2,99,1,0,3,971,99,2.84,1.336,9.5,0.1,2.5,3.9,1.55
55,1944,KCM,NAL,87,39,48,.448,3.31,50,25,4,5,438.1,390,217,161,2,161,3,285,8,0,4,1870,105,2.60,1.257,8.0,0.0,3.3,5.9,1.77
56,1944,MRS,NAL,114,49,65,.430,2.82,27,18,2,3,236.1,216,99,74,3,75,2,137,8,0,1,1006,124,2.74,1.231,8.2,0.1,2.9,5.2,1.83
57,1944,NBY,NN2,39,7,32,.179,7.40,22,12,0,0,177.2,258,169,146,9,77,2,76,2,0,2,865,60,3.82,1.886,13.1,0.5,3.9,3.8,0.99
58,1944,NE,NN2,63,27,36,.429,4.58,34,21,1,2,289.0,292,179,147,14,115,0,126,13,0,5,1287,96,3.77,1.408,9.1,0.4,3.6,3.9,1.10
59,1944,NYC,NN2,54,31,21,.596,3.77,38,16,1,2,334.1,345,166,140,15,115,1,160,7,0,5,1444,116,3.40,1.376,9.3,0.4,3.1,4.3,1.39
60,1944,PS,NN2,59,31,27,.534,3.74,56,33,2,2,488.1,519,260,203,17,146,3,273,9,1,2,2124,117,2.97,1.362,9.6,0.3,2.7,5.0,1.87
61,1943,BBB,NAL,72,45,35,.563,3.64,42,28,2,0,356.1,333,169,144,8,111,,197,13,,1,1523,106,2.88,1.246,8.4,0.2,2.8,5.0,1.77
62,1943,BEG,NN2,47,18,26,.409,5.11,50,28,3,1,424.2,530,318,241,12,142,,239,14,,6,1950,95,3.00,1.582,11.2,0.3,3.0,5.1,1.68
63,1943,CAG,NAL,71,37,33,.529,3.28,34,23,2,1,294.0,287,141,107,4,90,,111,9,,5,1257,118,3.09,1.282,8.8,0.1,2.8,3.4,1.23
64,1943,CBE,NAL,65,39,25,.609,4.14,36,28,4,0,300.0,325,164,138,5,72,,131,3,,4,1290,93,2.75,1.323,9.8,0.2,2.2,3.9,1.82
65,1943,HG,NN2,68,53,14,.791,3.71,71,43,6,6,594.1,582,275,245,13,210,,277,10,,5,2564,131,3.12,1.333,8.8,0.2,3.2,4.2,1.32
66,1943,CC,NAL,95,31,59,.344,4.15,36,21,1,3,301.2,306,177,139,9,118,,144,6,,7,1331,94,3.32,1.406,9.1,0.3,3.5,4.3,1.22
67,1943,KCM,NAL,72,44,27,.620,3.31,53,20,5,5,442.2,414,201,163,6,138,,270,7,,4,1839,116,2.59,1.247,8.4,0.1,2.8,5.5,1.96
68,1943,MRS,NAL,89,34,51,.400,4.78,27,16,2,0,224.0,255,147,119,5,63,,108,3,,2,988,80,2.86,1.420,10.2,0.2,2.5,4.3,1.71
69,1943,NBY,NN2,30,4,24,.143,7.33,31,12,1,0,259.0,346,279,211,15,120,,106,3,,4,1256,67,4.01,1.799,12.0,0.5,4.2,3.7,0.88
70,1943,NE,NN2,58,26,32,.448,4.97,35,13,1,1,297.0,327,206,164,11,146,,171,4,,5,1364,98,3.50,1.593,9.9,0.3,4.4,5.2,1.17
71,1943,NYC,NN2,34,19,14,.576,3.95,38,23,6,2,319.0,298,157,140,8,131,,169,3,,1,1373,123,3.18,1.345,8.4,0.2,3.7,4.8,1.29
72,1943,PS,NN2,53,21,31,.404,5.48,49,26,1,0,427.0,500,318,260,14,177,,175,4,,4,1957,89,3.53,1.585,10.5,0.3,3.7,3.7,0.99
73,1943,HAR,NN2,16,8,8,.500,3.79,14,7,2,0,126.0,109,65,53,4,59,,108,7,,7,546,129,2.92,1.333,7.8,0.3,4.2,7.7,1.83
74,1942,BBB,NAL,49,27,22,.551,3.49,31,10,2,3,250.0,243,120,97,,71,,123,9,,5,,112,,1.256,8.7,,2.6,4.4,1.73
75,1942,BEG,NN2,62,36,26,.581,3.70,52,23,3,3,452.0,409,233,186,,166,,218,12,,6,,105,,1.272,8.1,,3.3,4.3,1.31
76,1942,CAG,NAL,36,7,29,.194,5.02,30,11,0,1,252.2,308,186,141,,92,,107,5,,4,,79,,1.583,11.0,,3.3,3.8,1.16
77,1942,CCB,NAL,61,39,21,.650,3.94,33,18,2,2,279.0,295,160,122,,86,,123,8,,6,,100,,1.366,9.5,,2.8,4.0,1.43
78,1942,HG,NN2,69,47,19,.712,3.27,55,35,5,2,462.1,459,206,168,,125,,227,5,,1,,119,,1.263,8.9,,2.4,4.4,1.82
79,1942,JRC,NAL,29,7,22,.241,5.49,13,6,0,0,100.0,120,76,61,,37,,59,2,,4,,74,,1.570,10.8,,3.3,5.3,1.59
80,1942,KCM,NAL,39,27,12,.692,2.86,35,17,4,2,314.1,288,124,100,,81,,203,5,,2,,137,,1.174,8.2,,2.3,5.8,2.51
81,1942,MRS,NAL,44,21,22,.488,3.57,24,16,2,1,206.2,206,110,82,,56,,103,0,,0,,110,,1.268,9.0,,2.4,4.5,1.84
82,1942,NBY,NN2,36,10,25,.286,4.44,35,18,3,0,292.0,306,200,144,,135,,157,11,,2,,88,,1.510,9.4,,4.2,4.8,1.16
83,1942,NE,NN2,61,28,30,.483,3.71,51,31,3,1,425.0,362,218,175,,190,,240,13,,5,,104,,1.299,7.7,,4.0,5.1,1.26
84,1942,NYC,NN2,37,9,27,.250,4.69,25,11,1,0,197.2,202,138,103,,78,,92,2,,1,,83,,1.417,9.2,,3.6,4.2,1.18
85,1942,PS,NN2,58,26,30,.464,3.98,51,31,5,3,445.0,439,254,197,,131,,207,3,,2,,98,,1.281,8.9,,2.6,4.2,1.58
86,1941,BBB,NAL,45,28,17,.622,3.44,26,13,5,0,209.0,194,111,80,3,61,0,120,12,1,3,891,105,2.87,1.220,8.4,0.1,2.6,5.2,1.97
87,1941,BEG,NN2,68,44,24,.647,3.40,59,38,10,4,490.0,438,223,185,27,154,2,273,12,1,5,2086,128,3.40,1.208,8.0,0.5,2.8,5.0,1.77
88,1941,CAG,NAL,47,16,29,.356,4.52,16,5,1,1,139.1,145,96,70,3,72,1,66,9,0,2,654,80,3.86,1.557,9.4,0.2,4.7,4.3,0.92
89,1941,HG,NN2,77,50,25,.667,3.66,56,38,6,5,476.2,486,230,194,13,128,1,251,8,0,7,2031,119,2.94,1.288,9.2,0.2,2.4,4.7,1.96
90,1941,JRC,NAL,35,13,21,.382,4.64,11,5,0,1,85.1,96,61,44,2,32,0,43,6,1,0,393,79,3.42,1.500,10.1,0.2,3.4,4.5,1.34
91,1941,KCM,NAL,48,31,16,.660,2.61,38,16,4,5,327.0,293,120,95,1,63,1,219,13,1,4,1329,137,2.18,1.089,8.1,0.0,1.7,6.0,3.48
92,1941,MRS,NAL,48,23,23,.500,2.98,19,10,2,2,163.0,147,65,54,6,43,1,106,7,0,2,680,121,2.88,1.166,8.1,0.3,2.4,5.9,2.47
93,1941,NBY,NN2,35,15,20,.429,4.76,39,21,0,2,310.0,339,207,164,16,129,5,124,4,0,1,1428,92,3.94,1.510,9.8,0.5,3.7,3.6,0.96
94,1941,NE,NN2,59,30,28,.517,4.91,54,25,2,3,454.2,525,314,248,21,179,0,258,8,0,3,2083,89,3.48,1.548,10.4,0.4,3.5,5.1,1.44
95,1941,NYC,NN2,54,21,32,.396,4.99,45,29,0,1,371.2,390,238,206,39,149,6,199,11,0,7,1654,88,4.37,1.450,9.4,0.9,3.6,4.8,1.34
96,1941,PS,NN2,61,15,46,.246,4.61,56,44,3,0,464.2,498,303,238,15,188,2,211,10,3,4,2097,94,3.57,1.476,9.6,0.3,3.6,4.1,1.12
97,1941,SNS,NAL,43,18,23,.439,4.64,20,12,0,1,165.0,152,108,85,6,76,0,129,10,0,5,723,78,3.26,1.382,8.3,0.3,4.1,7.0,1.70
98,1940,BBB,NAL,47,17,30,.362,4.62,30,9,0,5,245.2,275,149,126,5,81,0,107,6,0,5,1077,91,3.45,1.449,10.1,0.2,3.0,3.9,1.32
99,1940,BEG,NN2,55,32,23,.582,5.10,61,24,2,7,513.2,547,333,291,45,249,2,285,10,3,2,2325,102,4.54,1.550,9.6,0.8,4.4,5.0,1.14
100,1940,CAG,NAL,54,22,31,.415,4.39,23,15,1,0,184.1,201,119,90,6,86,1,89,10,0,1,847,96,4.02,1.557,9.8,0.3,4.2,4.3,1.03
101,1940,HG,NN2,56,36,20,.643,4.35,56,41,6,3,465.0,457,266,225,15,186,0,225,9,3,3,2040,120,3.71,1.383,8.8,0.3,3.6,4.4,1.21
102,1940,CBR,NAL,40,21,18,.538,4.38,27,16,1,1,221.2,242,139,108,4,81,0,130,10,0,1,1002,96,3.29,1.457,9.8,0.2,3.3,5.3,1.60
103,1940,KCM,NAL,50,36,11,.766,3.23,38,19,4,3,309.1,271,139,111,9,98,0,245,9,1,7,1302,130,2.83,1.193,7.9,0.3,2.9,7.1,2.50
104,1940,MRS,NAL,62,36,26,.581,4.18,48,25,2,2,394.1,377,221,183,6,166,1,222,11,1,8,1734,101,3.42,1.377,8.6,0.1,3.8,5.1,1.34
105,1940,NBY,NN2,43,19,24,.442,6.68,33,14,0,0,252.0,337,217,187,21,126,4,121,5,2,2,1211,78,4.68,1.837,12.0,0.8,4.5,4.3,0.96
106,1940,NE,NN2,51,28,22,.560,5.27,40,16,1,6,329.1,339,229,193,20,170,1,202,10,2,2,1518,99,4.20,1.546,9.3,0.5,4.6,5.5,1.19
107,1940,NYC,NN2,40,13,26,.333,5.16,29,16,1,1,246.0,282,164,141,18,115,0,123,10,0,6,1141,101,4.47,1.614,10.3,0.7,4.2,4.5,1.07
108,1940,TC,NAL,25,6,18,.250,3.64,13,11,0,0,106.1,93,52,43,4,32,0,64,3,0,2,451,117,3.27,1.176,7.9,0.3,2.7,5.4,2.00
109,1940,PS,NN2,61,24,37,.393,5.21,63,31,0,5,514.1,598,365,298,30,179,3,239,5,0,6,2324,100,3.90,1.511,10.5,0.5,3.1,4.2,1.34
110,1940,SNS,NAL,56,25,29,.463,4.66,29,10,2,3,235.2,234,158,122,7,114,0,144,20,3,4,1083,91,3.87,1.477,8.9,0.3,4.4,5.5,1.26
111,1939,IAB,NAL,16,6,10,.375,6.24,20,12,0,0,163.0,203,149,113,,86,,84,11,,,,64,,1.773,11.2,,4.7,4.6,0.98
112,1939,BEG,NN2,44,21,23,.477,4.38,27,14,2,1,220.0,244,134,107,,60,,95,4,,0,,109,,1.382,10.0,,2.5,3.9,1.58
113,1939,CAG,NAL,74,40,34,.541,3.62,35,14,1,2,308.2,294,165,124,,113,,168,4,,,,109,,1.319,8.6,,3.3,4.9,1.49
114,1939,HG,NN2,56,36,19,.655,3.56,33,27,2,1,280.1,271,142,111,,93,,135,3,,0,,133,,1.298,8.7,,3.0,4.3,1.45
115,1939,CBR,NAL,41,20,21,.488,3.47,23,12,2,0,197.0,174,92,76,,84,,81,2,,,,114,,1.310,7.9,,3.8,3.7,0.96
116,1939,KCM,NAL,71,46,25,.648,2.90,49,19,1,4,425.2,376,182,137,,118,,295,15,,,,136,,1.161,7.9,,2.5,6.2,2.50
117,1939,MRS,NAL,53,19,34,.358,4.42,22,15,1,0,183.1,195,115,90,,41,,95,4,,,,90,,1.287,9.6,,2.0,4.7,2.32
118,1939,NBY,NN2,41,19,18,.514,4.99,31,17,3,2,247.1,311,173,137,,77,,107,2,,0,,95,,1.569,11.3,,2.8,3.9,1.39
119,1939,NE,NN2,56,32,23,.582,3.85,33,20,4,0,278.1,257,150,119,,114,,113,4,,0,,124,,1.333,8.3,,3.7,3.7,0.99
120,1939,NYC,NN2,32,7,25,.219,5.91,17,6,0,0,138.2,169,106,91,,45,,54,2,,0,,81,,1.543,11.0,,2.9,3.5,1.20
121,1939,TC,NALNN2,32,13,17,.433,4.88,16,8,0,0,151.1,190,116,82,,58,,88,2,,,,82,,1.639,11.3,,3.4,5.2,1.52
122,1939,PS,NN2,54,24,29,.453,5.51,50,18,2,2,426.1,481,313,261,,151,,205,6,,0,,86,,1.482,10.2,,3.2,4.3,1.36
123,1939,SL3,NAL,36,15,20,.429,4.12,23,16,1,0,190.0,183,114,87,,75,,95,9,,,,96,,1.358,8.7,,3.6,4.5,1.27
124,1938,BBB,NAL,59,13,46,.220,4.88,27,13,0,0,219.1,236,171,119,6,110,,105,5,,3,1011,85,4.02,1.578,9.7,0.2,4.5,4.3,0.95
125,1938,BCA,NAL,63,32,31,.508,3.94,45,19,1,3,372.2,375,236,163,14,125,,217,8,,6,1641,104,3.45,1.342,9.1,0.3,3.0,5.2,1.74
126,1938,BEG,NN2,52,26,23,.531,4.05,37,21,0,4,313.1,322,171,141,14,99,,146,3,,2,1355,118,3.68,1.344,9.2,0.4,2.8,4.2,1.47
127,1938,CAG,NAL,81,41,37,.526,3.32,38,16,2,4,339.0,341,172,125,11,112,,191,10,,8,1464,124,3.43,1.336,9.1,0.3,3.0,5.1,1.71
128,1938,HG,NN2,54,41,13,.759,2.91,46,28,8,7,390.1,340,158,126,9,136,,196,6,,0,1626,164,3.44,1.219,7.8,0.2,3.1,4.5,1.44
129,1938,JRC,NAL,31,14,16,.467,4.19,17,9,0,0,156.2,161,92,73,6,63,,85,3,,4,683,99,3.73,1.430,9.2,0.3,3.6,4.9,1.35
130,1938,KCM,NAL,73,45,27,.625,3.15,48,22,5,3,403.1,362,192,141,15,97,,333,14,,14,1672,131,2.71,1.138,8.1,0.3,2.2,7.4,3.43
131,1938,MRS,NAL,64,39,24,.619,5.21,36,16,3,3,290.1,346,230,168,13,89,,178,6,,5,1335,79,3.39,1.498,10.7,0.4,2.8,5.5,2.00
132,1938,NBY,NN2,40,11,28,.282,5.61,30,13,1,1,243.2,312,196,152,17,88,,132,4,,0,1144,86,4.01,1.642,11.5,0.6,3.3,4.9,1.50
133,1938,NE,NN2,53,23,30,.434,4.28,28,17,1,1,233.2,226,137,111,16,100,,104,7,,3,1026,112,4.42,1.395,8.7,0.6,3.9,4.0,1.04
134,1938,PC,NN2,55,28,26,.519,5.10,40,26,1,1,328.0,353,223,186,25,135,,182,7,,3,1463,94,4.23,1.488,9.7,0.7,3.7,5.0,1.35
135,1938,PS,NN2,76,41,32,.562,5.28,65,30,3,3,544.0,583,388,319,46,221,,260,12,,1,2439,90,4.48,1.478,9.6,0.8,3.7,4.3,1.18
136,1938,SEN,NN2,22,2,20,.091,8.06,14,5,0,0,115.0,163,127,103,9,70,,51,4,,1,588,60,5.11,2.026,12.8,0.7,5.5,4.0,0.73
137,1938,AB3,NAL,37,17,20,.459,5.04,19,7,0,2,146.1,177,113,82,5,43,,114,5,,4,662,82,2.92,1.503,10.9,0.3,2.6,7.0,2.65
138,1937,BBB,NAL,41,17,24,.415,5.80,28,19,1,0,232.2,279,184,150,17,76,0,132,6,0,5,1046,78,4.07,1.526,10.8,0.7,2.9,5.1,1.74
139,1937,WEG,NN2,62,23,36,.390,4.96,37,21,0,1,297.1,331,194,164,14,118,0,152,4,0,5,1334,102,4.02,1.510,10.0,0.4,3.6,4.6,1.29
140,1937,CAG,NAL,61,36,24,.600,4.01,46,20,7,4,390.1,405,235,174,17,139,1,216,12,0,10,1710,113,3.82,1.394,9.3,0.4,3.2,5.0,1.55
141,1937,CT,NAL,55,35,19,.648,3.02,40,27,3,0,343.0,323,164,115,9,68,0,253,12,0,2,1455,150,2.77,1.140,8.5,0.2,1.8,6.6,3.72
142,1937,DTS,NAL,39,15,24,.385,7.09,20,10,0,0,165.0,210,166,130,8,82,0,89,13,0,2,799,64,4.48,1.770,11.5,0.4,4.5,4.9,1.09
143,1937,HG,NN2,64,45,18,.714,3.91,52,27,3,9,460.1,431,250,200,19,167,0,257,12,0,4,1981,129,3.79,1.299,8.4,0.4,3.3,5.0,1.54
144,1937,IA,NAL,39,17,21,.447,4.71,21,11,0,2,179.2,208,131,94,1,62,0,99,5,0,0,815,97,3.29,1.503,10.4,0.1,3.1,5.0,1.60
145,1937,KCM,NAL,72,52,19,.732,2.33,56,29,5,7,475.2,390,180,123,10,114,1,350,12,1,11,1931,194,2.80,1.060,7.4,0.2,2.2,6.6,3.07
146,1937,MRS,NAL,44,15,29,.341,5.51,20,11,0,0,166.2,202,140,102,3,71,1,88,7,1,4,795,83,3.78,1.638,10.9,0.2,3.8,4.8,1.24
147,1937,NBY,NN2,54,22,30,.423,5.57,35,18,1,1,291.0,372,220,180,21,107,0,151,2,0,0,1352,91,4.23,1.646,11.5,0.6,3.3,4.7,1.41
148,1937,NE,NN2,59,36,21,.632,4.70,32,21,2,1,274.0,301,171,143,20,91,0,134,1,0,2,1217,107,4.18,1.431,9.9,0.7,3.0,4.4,1.47
149,1937,PC,NN2,55,18,36,.333,6.34,39,20,1,1,333.2,409,278,235,27,121,1,152,7,0,5,1517,80,4.49,1.588,11.0,0.7,3.3,4.1,1.26
150,1937,PS,NN2,62,29,32,.475,4.90,37,18,2,1,301.0,342,191,164,29,86,0,142,5,0,1,1310,103,4.42,1.422,10.2,0.9,2.6,4.2,1.65
151,1937,SL2,NAL,37,5,32,.135,7.99,28,14,0,0,213.0,319,244,189,20,105,0,86,5,1,6,1074,57,5.16,1.991,13.5,0.8,4.4,3.6,0.82
152,1936,WEG,NN2,64,29,34,.460,4.88,45,19,2,5,380.0,440,258,206,14,138,,168,8,,2,1713,100,4.06,1.521,10.4,0.3,3.3,4.0,1.22
153,1936,HG,NN2,52,27,24,.529,4.91,39,19,0,7,333.1,359,228,182,16,143,,145,14,,2,1500,99,4.48,1.506,9.7,0.4,3.9,3.9,1.01
154,1936,NBY,NN2,38,21,16,.568,3.69,33,21,1,1,282.2,330,148,116,14,81,,145,4,,1,1251,132,3.84,1.454,10.5,0.4,2.6,4.6,1.79
155,1936,NE,NN2,59,27,31,.466,5.61,32,17,2,1,261.2,330,196,163,19,108,,124,6,,2,1209,87,4.62,1.674,11.4,0.7,3.7,4.3,1.15
156,1936,NYC,NN2,49,22,26,.458,4.25,44,25,2,2,390.0,393,228,184,35,154,,277,9,,1,1700,115,4.32,1.403,9.1,0.8,3.6,6.4,1.80
157,1936,PC,NN2,83,48,33,.593,5.01,63,36,5,4,535.2,600,357,298,38,214,,254,14,,4,2399,97,4.57,1.520,10.1,0.6,3.6,4.3,1.19
158,1936,PS,NN2,75,32,42,.432,5.31,52,22,0,3,447.1,501,321,264,41,169,,208,9,,0,2009,92,4.77,1.498,10.1,0.8,3.4,4.2,1.23
159,1935,CEG,NN2,55,29,24,.547,3.97,31,18,2,2,269.2,264,153,119,18,77,,129,6,,0,1151,129,4.02,1.265,8.8,0.6,2.6,4.3,1.68
160,1935,CAG,NN2,56,24,31,.436,5.34,48,23,3,3,411.1,502,301,244,25,175,,181,8,,5,1871,96,4.43,1.646,11.0,0.5,3.8,4.0,1.03
161,1935,HG,NN2,64,26,36,.419,5.59,46,27,1,4,383.0,470,297,238,29,172,,190,9,,8,1764,92,4.59,1.676,11.0,0.7,4.0,4.5,1.10
162,1935,ND,NN2,62,18,43,.295,7.45,40,17,0,5,326.0,451,320,270,17,146,,142,7,,3,1566,69,4.40,1.831,12.5,0.5,4.0,3.9,0.97
163,1935,BE,NN2,63,32,31,.508,5.33,55,35,3,4,452.2,539,322,268,32,167,,207,22,,1,2050,96,4.44,1.560,10.7,0.6,3.3,4.1,1.24
164,1935,NYC,NN2,61,31,25,.554,3.71,42,19,3,2,376.0,360,201,155,16,168,,280,8,,0,1646,138,3.65,1.404,8.6,0.4,4.0,6.7,1.67
165,1935,PC,NN2,81,51,27,.654,4.10,52,29,2,5,465.0,497,264,212,24,151,,240,7,,2,2015,125,3.84,1.394,9.6,0.5,2.9,4.6,1.59
166,1935,PS,NN2,72,37,31,.544,5.28,60,31,3,4,511.2,590,363,300,43,165,,225,4,,1,2275,97,4.39,1.476,10.4,0.8,2.9,4.0,1.36
167,1934,BBS,NN2,13,3,8,.273,9.18,6,1,0,0,50.0,75,56,51,5,19,,24,2,,0,245,47,4.78,1.880,13.5,0.9,3.4,4.3,1.26
168,1934,NEG,NN2,47,18,28,.391,4.09,40,22,2,0,325.1,333,189,148,9,125,,198,5,,0,1420,102,3.52,1.408,9.2,0.2,3.5,5.5,1.58
169,1934,CAG,NN2,51,28,20,.583,4.31,39,26,3,1,327.2,338,193,157,17,109,,163,4,,2,1402,97,3.90,1.364,9.3,0.5,3.0,4.5,1.50
170,1934,CRS,NN2,25,3,22,.120,6.84,21,10,0,0,171.0,252,157,130,7,56,,60,6,,0,827,62,4.10,1.801,13.3,0.4,2.9,3.2,1.07
171,1934,ND,NN2,35,17,17,.500,6.00,33,14,0,1,255.0,317,201,170,12,97,,135,2,,1,1178,70,3.90,1.624,11.2,0.4,3.4,4.8,1.39
172,1934,PBG,NN2,25,5,20,.200,5.45,18,10,1,2,148.2,178,104,90,9,67,,51,4,,0,696,78,4.72,1.648,10.8,0.5,4.1,3.1,0.76
173,1934,PC,NN2,77,47,27,.635,3.36,70,50,8,2,607.2,608,295,227,16,176,,384,7,,5,2558,124,3.16,1.290,9.0,0.2,2.6,5.7,2.18
174,1934,PS,NN2,67,39,18,.684,2.61,71,56,11,3,611.0,520,231,177,20,164,,355,9,,6,2491,160,3.30,1.119,7.7,0.3,2.4,5.2,2.16
175,1933,ID,NN2,48,17,31,.354,5.48,36,22,2,0,302.0,360,232,184,18,102,,150,15,,3,1371,79,3.84,1.530,10.7,0.5,3.0,4.5,1.47
176,1933,AG,NN2,10,3,7,.300,4.05,10,8,2,0,80.0,92,49,36,4,24,,53,3,,2,362,109,3.24,1.450,10.4,0.5,2.7,6.0,2.21
177,1933,BBS,NN2,31,13,18,.419,5.07,36,26,1,1,318.0,346,220,179,19,105,,151,14,,3,1406,85,3.85,1.418,9.8,0.5,3.0,4.3,1.44
178,1933,NEG,NN2,42,19,22,.463,3.34,37,29,0,0,313.0,314,152,116,14,73,,133,7,,1,1316,129,3.40,1.236,9.0,0.4,2.1,3.8,1.82
179,1933,CAG,NN2,64,41,22,.651,4.33,41,24,2,1,353.2,378,218,170,10,105,,192,15,,3,1546,100,3.20,1.366,9.6,0.3,2.7,4.9,1.83
180,1933,CBB,NN2,42,15,27,.357,5.15,27,17,1,1,239.1,269,169,137,10,53,,92,11,,0,1057,84,3.48,1.345,10.1,0.4,2.0,3.5,1.74
181,1933,CG,NN2,1,0,1,.000,21.00,1,0,0,0,6.0,15,14,14,2,3,,1,0,,0,33,23,8.40,3.000,22.5,3.0,4.5,1.5,0.33
182,1933,HG,NN2,30,14,14,.500,3.27,21,12,0,1,190.0,205,103,69,6,53,,94,3,,0,834,133,3.21,1.358,9.7,0.3,2.5,4.5,1.77
183,1933,PC,NN2,65,41,21,.661,3.60,73,51,5,2,628.0,612,313,251,22,178,,426,12,,2,2645,120,2.91,1.258,8.8,0.3,2.6,6.1,2.39
184,1932,AB2,NSL,43,18,21,.462,3.79,42,22,2,1,346.1,389,209,146,,92,,140,13,,9,,93,,1.389,10.1,,2.4,3.6,1.52
185,1932,BBB,NSL,19,10,9,.526,4.58,14,7,1,0,110.0,108,71,56,,39,,41,2,,3,,79,,1.336,8.8,,3.2,3.4,1.05
186,1932,BBS,EWL,55,29,26,.527,4.43,62,34,5,1,548.2,591,332,270,23,208,,254,15,,3,2377,95,3.63,1.456,9.7,0.4,3.4,4.2,1.22
187,1932,BCA,NSL,23,6,17,.261,6.38,12,4,0,0,96.0,139,105,68,,27,,45,1,,0,,57,,1.729,13.0,,2.5,4.2,1.67
188,1932,NEG,NSL,47,24,23,.511,3.32,36,27,2,0,295.2,292,146,109,,61,,132,8,,1,,106,,1.194,8.9,,1.9,4.0,2.16
189,1932,CAG,NSL,46,34,12,.739,3.06,44,35,8,1,385.0,374,174,131,,105,,161,14,,0,,114,,1.244,8.7,,2.5,3.8,1.53
190,1932,CLS,EWL,17,5,11,.313,5.12,16,11,0,0,133.2,149,100,76,4,53,,81,2,,2,598,83,3.21,1.511,10.0,0.3,3.6,5.5,1.53
191,1932,COT,NSL,10,3,5,.375,,,,,,,,,,,,,,,,,,,,,,,,,
192,1932,CUP,EWL,22,10,12,.455,4.03,28,19,3,0,234.1,244,141,105,7,84,,117,7,,4,1021,105,3.35,1.400,9.4,0.3,3.2,4.5,1.39
193,1932,DW,EWL,31,26,5,.839,2.77,29,21,4,1,253.2,245,101,78,1,75,,143,12,,1,1078,153,2.75,1.261,8.7,0.0,2.7,5.1,1.91
194,1932,HG,EWL,41,24,16,.600,3.31,58,41,2,2,503.0,499,251,185,18,164,,239,6,,0,2150,128,3.32,1.318,8.9,0.3,2.9,4.3,1.46
195,1932,HIL,EWL,29,11,18,.379,4.29,27,24,1,1,247.1,258,150,118,7,100,,110,3,,2,1084,98,3.52,1.447,9.4,0.3,3.6,4.0,1.10
196,1932,LRG,NSL,17,5,12,.294,4.08,11,8,0,0,86.0,87,57,39,,15,,37,4,,1,,87,,1.186,9.1,,1.6,3.9,2.47
197,1932,LVB,NSL,40,12,27,.308,3.88,16,12,0,0,134.2,144,83,58,,32,,61,3,,1,,93,,1.307,9.6,,2.1,4.1,1.91
198,1932,MGS,NSL,49,23,25,.479,3.12,26,17,2,0,213.2,205,106,74,,57,,67,1,,1,,113,,1.226,8.6,,2.4,2.8,1.18
199,1932,MRM,NSL,48,34,14,.708,2.37,52,30,9,4,448.0,355,160,118,,129,,233,9,,1,,149,,1.080,7.1,,2.6,4.7,1.81
200,1932,MRS,NSL,50,23,27,.460,3.96,43,25,2,1,345.2,376,195,152,,90,,141,9,,0,,89,,1.348,9.8,,2.3,3.7,1.57
201,1932,NWB,EWL,4,0,4,.000,10.36,4,2,0,0,33.0,60,44,38,3,13,,16,0,,0,168,43,4.19,2.212,16.4,0.8,3.5,4.4,1.23
202,1932,WAP,EWL,47,17,30,.362,4.82,59,39,4,0,502.0,572,341,269,22,174,,261,16,,14,2242,87,3.46,1.486,10.3,0.4,3.1,4.7,1.50
203,1931,AB2,NNL,61,30,30,.500,4.32,45,26,3,0,376.2,366,236,181,17,162,,200,10,,5,1639,98,4.03,1.402,8.7,0.4,3.9,4.8,1.23
204,1931,CAG,NNL,24,6,17,.261,4.78,18,13,2,0,163.2,181,114,87,5,76,,73,10,,0,748,89,4.22,1.570,10.0,0.3,4.2,4.0,0.96
205,1931,CCU,NNL,45,23,22,.511,4.12,33,20,2,0,282.0,296,167,129,16,95,,162,6,,5,1220,103,3.80,1.387,9.4,0.5,3.0,5.2,1.71
206,1931,DS,NNL,58,25,33,.431,4.27,45,34,3,0,379.0,462,253,180,14,135,,182,17,,4,1727,99,3.86,1.575,11.0,0.3,3.2,4.3,1.35
207,1931,LOW,NNL,58,24,33,.421,4.55,30,24,0,1,251.1,280,159,127,10,80,,88,10,,1,1121,93,4.03,1.432,10.0,0.4,2.9,3.2,1.10
208,1931,SLS,NNL,48,37,10,.787,3.36,35,19,3,2,311.0,290,141,116,12,111,,188,7,,2,1311,126,3.57,1.289,8.4,0.3,3.2,5.4,1.69
209,1930,BBB,NNL,96,46,48,.489,4.95,74,47,3,1,615.0,647,385,338,,169,,310,4,,12,,96,,1.327,9.5,,2.5,4.5,1.83
210,1930,NEG,NNL,82,26,55,.321,6.07,46,20,3,0,376.2,465,313,254,,135,,187,4,,3,,79,,1.593,11.1,,3.2,4.5,1.39
211,1930,CAG,NNL,102,53,49,.520,4.84,81,46,2,4,724.2,805,464,390,,275,,342,10,,8,,99,,1.490,10.0,,3.4,4.2,1.24
212,1930,CSW,NNL,66,25,41,.379,3.89,48,29,1,1,410.0,428,224,177,,134,,183,5,,7,,123,,1.371,9.4,,2.9,4.0,1.37
213,1930,DS,NNL,89,52,37,.584,4.08,72,48,8,3,624.0,629,341,283,,140,,275,8,,4,,116,,1.232,9.1,,2.0,4.0,1.96
214,1930,KCM,NNL,63,40,23,.635,4.30,67,50,7,2,586.1,625,323,280,,185,,365,14,,7,,111,,1.381,9.6,,2.8,5.6,1.97
215,1930,LVB,NNL,44,16,28,.364,5.31,23,16,1,3,188.0,218,137,111,,63,,72,2,,5,,90,,1.495,10.4,,3.0,3.4,1.14
216,1930,MRS,NNL,81,30,51,.370,6.12,71,31,2,4,603.1,679,442,410,,205,,298,11,,14,,78,,1.465,10.1,,3.1,4.4,1.45
217,1930,SLS,NNL,95,69,25,.734,3.98,93,58,4,5,820.0,873,461,363,,307,,332,14,,5,,119,,1.439,9.6,,3.4,3.6,1.08
218,1929,AC,ANL,73,21,50,.296,7.08,68,21,1,5,567.0,759,546,446,33,284,,202,16,,9,2731,75,4.43,1.840,12.0,0.5,4.5,3.2,0.71
219,1929,BBB,NNL,90,33,56,.371,5.17,82,46,4,4,672.1,785,503,386,,180,,375,11,,12,,83,,1.435,10.5,,2.4,5.0,2.08
220,1929,BBS,ANL,80,55,25,.688,3.92,79,53,5,1,672.0,695,377,293,34,288,,259,18,,5,2984,134,4.05,1.463,9.3,0.5,3.9,3.5,0.90
221,1929,CAG,NNL,91,51,40,.560,3.44,74,51,8,4,654.0,658,332,250,,242,,252,16,,4,,125,,1.376,9.1,,3.3,3.5,1.04
222,1929,CSE,ANL,58,15,41,.268,6.67,57,30,1,1,483.0,671,426,358,33,204,,186,20,,3,2272,79,4.30,1.812,12.5,0.6,3.8,3.5,0.91
223,1929,CSW,NNL,55,17,37,.315,4.68,45,24,0,0,363.1,395,246,189,,132,,165,7,,6,,92,,1.450,9.8,,3.3,4.1,1.25
224,1929,DS,NNL,81,39,42,.481,5.27,68,41,4,0,594.0,658,439,348,,249,,209,13,,17,,82,,1.527,10.0,,3.8,3.2,0.84
225,1929,HG,ANL,64,32,29,.525,4.74,67,50,2,1,564.0,631,381,297,23,196,,281,10,,1,2477,111,3.42,1.466,10.1,0.4,3.1,4.5,1.43
226,1929,HIL,ANL,81,43,35,.551,4.41,82,53,3,2,706.2,806,448,346,47,247,,310,11,,3,3135,120,3.88,1.490,10.3,0.6,3.1,3.9,1.26
227,1929,KCM,NNL,80,63,17,.788,3.12,75,46,4,13,644.0,593,281,223,,197,,332,21,,10,,138,,1.227,8.3,,2.8,4.6,1.69
228,1929,MRS,NNL,76,21,54,.280,4.49,75,43,6,1,629.0,762,411,314,,154,,284,16,,12,,96,,1.456,10.9,,2.2,4.1,1.84
229,1929,NLG,ANL,68,40,26,.606,5.33,66,39,4,2,567.0,669,419,336,43,251,,226,29,,2,2622,99,4.46,1.623,10.6,0.7,4.0,3.6,0.90
230,1929,SLS,NNL,91,56,34,.622,4.07,95,53,10,6,815.2,872,444,369,,279,,315,20,,8,,106,,1.411,9.6,,3.1,3.5,1.13
231,1928,AC,ECL,31,18,12,.600,4.45,55,35,2,3,475.2,529,304,235,39,185,,245,9,,4,2112,113,4.29,1.501,10.0,0.7,3.5,4.6,1.32
232,1928,BBB,NNL,99,46,53,.465,3.94,87,47,4,5,730.1,797,425,320,37,174,,369,24,,7,3176,103,3.49,1.330,9.8,0.5,2.1,4.5,2.12
233,1928,BBS,ECL,37,19,15,.559,4.55,60,37,4,0,518.2,551,327,262,32,204,,208,21,,1,2325,111,4.33,1.456,9.6,0.6,3.5,3.6,1.02
234,1928,CAG,NNL,94,55,38,.591,2.99,76,58,10,5,678.0,643,276,225,22,175,,318,20,,5,2835,136,3.38,1.206,8.5,0.3,2.3,4.2,1.82
235,1928,CSE,ECL,23,6,13,.316,5.69,30,16,1,0,250.0,267,188,158,23,102,,99,14,,4,1103,89,4.83,1.476,9.6,0.8,3.7,3.6,0.97
236,1928,CSW,NNL,54,13,41,.241,5.35,47,33,1,2,386.2,453,279,230,22,139,,196,15,,2,1749,76,3.95,1.531,10.5,0.5,3.2,4.6,1.41
237,1928,CTG,NNL,79,20,59,.253,5.66,62,28,1,4,521.1,667,418,328,32,155,,204,39,,8,2430,72,4.16,1.577,11.5,0.6,2.7,3.5,1.32
238,1928,DS,NNL,89,53,36,.596,4.55,80,49,5,5,686.2,769,444,347,34,239,,236,33,,17,3066,89,4.18,1.468,10.1,0.4,3.1,3.1,0.99
239,1928,KCM,NNL,80,50,29,.633,3.07,76,46,3,3,665.1,621,294,227,20,138,,299,37,,15,2747,132,3.31,1.141,8.4,0.3,1.9,4.0,2.17
240,1928,MRS,NNL,84,33,51,.393,3.82,77,50,5,1,659.1,733,381,280,29,159,,250,27,,2,2894,106,3.69,1.353,10.0,0.4,2.2,3.4,1.57
241,1928,NLG,ECL,17,9,7,.563,5.44,36,27,1,2,311.0,395,212,188,18,76,,101,8,,0,1396,93,3.94,1.514,11.4,0.5,2.2,2.9,1.33
242,1928,PTG,ECL,9,2,7,.222,7.94,8,4,1,0,68.0,107,77,60,6,31,,34,3,,3,341,65,4.68,2.029,14.2,0.8,4.1,4.5,1.10
243,1928,SLS,NNL,89,63,26,.708,3.82,79,41,6,6,705.1,766,381,299,31,194,,306,28,,18,3074,106,3.68,1.361,9.8,0.4,2.5,3.9,1.58
244,1927,AC,ECL,91,55,35,.611,3.99,89,57,4,1,789.1,782,432,350,30,323,,349,25,,3,3394,111,3.44,1.400,8.9,0.3,3.7,4.0,1.08
245,1927,BBB,NNL,100,53,44,.546,3.48,96,50,6,2,826.2,822,433,320,,237,,435,26,,12,,108,,1.281,8.9,,2.6,4.7,1.84
246,1927,BBS,ECL,72,34,36,.486,3.79,67,31,4,6,572.0,580,334,241,29,224,,219,27,,6,2509,117,3.71,1.406,9.1,0.5,3.5,3.4,0.98
247,1927,BRG,ECL,34,11,23,.324,5.59,33,26,0,0,273.2,339,232,170,20,100,,116,8,,5,1252,79,3.79,1.604,11.1,0.7,3.3,3.8,1.16
248,1927,CAG,NNL,94,61,32,.656,2.59,89,61,15,6,800.2,769,316,230,,192,,379,19,,4,,145,,1.200,8.6,,2.2,4.3,1.97
249,1927,CHT,NNL,49,13,36,.265,5.99,39,14,0,2,324.1,450,311,216,,124,,114,4,,2,,63,,1.770,12.5,,3.4,3.2,0.92
250,1927,CSE,ECL,62,31,29,.517,4.84,55,39,3,2,463.1,526,305,249,28,208,,172,11,,4,2086,92,3.96,1.584,10.2,0.5,4.0,3.3,0.83
251,1927,CSW,NNL,70,23,46,.333,4.13,61,40,3,1,520.2,602,308,239,,156,,224,13,,11,,91,,1.456,10.4,,2.7,3.9,1.44
252,1927,DS,NNL,99,52,47,.525,3.75,91,59,4,4,801.2,858,467,334,,259,,282,22,,8,,100,,1.393,9.6,,2.9,3.2,1.09
253,1927,HBG,ECL,69,38,31,.551,3.83,69,50,1,0,591.2,621,347,252,32,188,,224,18,,17,2565,116,3.49,1.367,9.4,0.5,2.9,3.4,1.19
254,1927,HIL,ECL,87,38,48,.442,4.56,88,59,3,1,756.0,814,471,383,46,281,,272,17,,5,3318,97,3.76,1.448,9.7,0.5,3.3,3.2,0.97
255,1927,KCM,NNL,88,55,33,.625,2.88,88,50,14,5,743.2,728,316,238,,193,,318,18,,15,,130,,1.238,8.8,,2.3,3.8,1.65
256,1927,MRS,NNL,97,25,69,.266,4.30,89,45,4,2,770.2,847,493,368,,252,,309,16,,12,,87,,1.426,9.9,,2.9,3.6,1.23
257,1927,NLG,ECL,25,10,15,.400,5.90,29,21,0,1,248.2,327,203,163,19,111,,106,11,,2,1176,76,4.12,1.761,11.8,0.7,4.0,3.8,0.95
258,1927,SLS,NNL,99,62,37,.626,4.14,98,48,3,4,869.2,948,486,400,,310,,380,16,,13,,91,,1.447,9.8,,3.2,3.9,1.23
259,1926,ABC,NNL,91,40,50,.444,4.06,81,59,6,2,702.2,742,410,317,43,241,,328,28,4,9,3091,112,4.04,1.399,9.5,0.6,3.1,4.2,1.36
260,1926,AC,ECL,72,43,28,.606,3.40,57,44,2,4,495.2,422,243,187,11,211,,295,16,,4,2107,128,3.50,1.277,7.7,0.2,3.8,5.4,1.40
261,1926,BBS,ECL,62,22,38,.367,4.74,60,24,5,1,505.0,568,357,266,27,218,,198,27,,6,2311,92,4.40,1.556,10.1,0.5,3.9,3.5,0.91
262,1926,BRG,ECL,35,11,24,.314,3.80,28,24,0,3,229.2,230,128,97,15,88,,94,5,,3,998,115,4.27,1.385,9.0,0.6,3.4,3.7,1.07
263,1926,CAG,NNL,84,57,24,.704,2.74,81,47,9,8,726.0,658,278,221,26,200,,389,30,2,4,2980,166,3.37,1.182,8.2,0.3,2.5,4.8,1.95
264,1926,CEL,NNL,49,8,40,.167,7.18,44,11,0,4,366.0,461,381,292,27,203,,161,30,0,17,1775,64,5.02,1.814,11.3,0.7,5.0,4.0,0.79
265,1926,CSE,ECL,51,29,22,.569,3.85,43,30,3,1,364.2,362,185,156,15,137,,142,11,,1,1576,113,4.00,1.368,8.9,0.4,3.4,3.5,1.04
266,1926,CSW,NNL,68,19,49,.279,5.83,62,38,2,1,520.1,658,403,337,55,206,,215,18,2,15,2382,78,4.87,1.660,11.4,1.0,3.6,3.7,1.04
267,1926,DS,NNL,100,52,47,.525,4.65,97,47,4,8,826.0,918,536,427,54,243,,322,39,2,3,3618,98,4.12,1.406,10.0,0.6,2.6,3.5,1.33
268,1926,DM,NNL,42,6,36,.143,5.91,36,17,0,1,293.2,367,260,193,26,121,,132,14,0,0,1367,78,4.66,1.662,11.2,0.8,3.7,4.0,1.09
269,1926,HBG,ECL,49,27,22,.551,5.00,48,30,7,1,408.1,447,275,227,20,181,,157,22,,8,1860,87,4.39,1.538,9.9,0.4,4.0,3.5,0.87
270,1926,HIL,ECL,88,53,33,.616,3.78,88,65,2,7,769.0,706,388,323,45,285,,325,33,,0,3290,115,4.19,1.289,8.3,0.5,3.3,3.8,1.14
271,1926,KCM,NNL,82,60,22,.732,2.98,78,53,5,7,674.1,643,293,223,19,183,,291,28,3,8,2830,153,3.47,1.225,8.6,0.3,2.4,3.9,1.59
272,1926,NLG,ECL,54,22,31,.415,5.45,49,29,0,1,411.0,456,303,249,23,195,,192,25,,6,1888,80,4.43,1.584,10.0,0.5,4.3,4.2,0.98
273,1926,NS,ECL,11,1,10,.091,7.70,9,6,0,0,69.0,97,74,59,5,32,,29,2,,0,338,58,4.61,1.870,12.7,0.7,4.2,3.8,0.91
274,1926,SLS,NNL,98,61,35,.635,5.24,93,36,1,13,817.0,990,583,476,56,345,,370,45,0,15,3709,87,4.45,1.634,10.9,0.6,3.8,4.1,1.07
275,1925,ABC,NNL,70,17,53,.243,7.76,57,27,0,1,483.2,632,445,417,,205,,169,9,,6,2273,68,,1.731,11.8,,3.8,3.1,0.82
276,1925,AC,ECL,76,36,38,.486,4.25,73,53,2,1,629.0,682,363,297,,233,,334,12,,7,2784,115,,1.455,9.8,,3.3,4.8,1.43
277,1925,BBB,NNL,87,27,59,.314,6.59,76,31,4,1,656.2,753,510,481,,254,,272,12,,11,2955,80,,1.534,10.3,,3.5,3.7,1.07
278,1925,BBS,ECL,66,33,31,.516,4.17,65,35,4,5,565.0,585,322,262,,186,,206,10,,10,2447,118,,1.365,9.3,,3.0,3.3,1.11
279,1925,BRG,ECL,35,14,20,.412,4.74,35,21,0,2,288.2,334,171,152,,91,,158,2,,2,1278,104,,1.472,10.4,,2.8,4.9,1.74
280,1925,CAG,NNL,100,57,41,.582,3.76,89,50,4,4,791.2,734,358,331,,263,,365,9,,0,3341,140,,1.259,8.3,,3.0,4.1,1.39
281,1925,CSE,ECL,45,18,26,.409,4.96,45,31,1,2,381.0,454,248,210,,136,,135,3,,2,1716,99,,1.549,10.7,,3.2,3.2,0.99
282,1925,CSW,NNL,50,20,30,.400,6.37,43,24,1,1,370.1,458,286,262,,107,,103,6,,2,1662,83,,1.526,11.1,,2.6,2.5,0.96
283,1925,DS,NNL,100,56,44,.560,5.74,95,40,4,5,839.1,895,562,535,,304,,356,9,,6,3682,92,,1.429,9.6,,3.3,3.8,1.17
284,1925,HBG,ECL,73,48,24,.667,4.75,73,41,4,2,635.1,703,382,335,,201,,196,22,,11,2800,103,,1.423,10.0,,2.8,2.8,0.98
285,1925,HIL,ECL,72,53,18,.746,4.02,71,48,5,2,621.2,600,316,278,,155,,230,4,,3,2590,122,,1.214,8.7,,2.2,3.3,1.48
286,1925,KCM,NNL,84,59,23,.720,3.45,80,50,11,7,702.2,631,286,269,,195,,332,3,,4,2902,153,,1.176,8.1,,2.5,4.3,1.70
287,1925,MRS,NNL,84,34,49,.410,5.08,76,37,4,3,675.0,677,408,381,,220,,301,11,,14,2899,104,,1.329,9.0,,2.9,4.0,1.37
288,1925,NLG,ECL,50,7,41,.146,8.24,49,21,0,0,408.2,623,433,374,,172,,153,19,,6,2019,60,,1.945,13.7,,3.8,3.4,0.89
289,1925,SLS,NNL,91,59,30,.663,4.77,87,30,1,4,780.1,807,456,414,,237,,275,13,,6,3357,110,,1.338,9.3,,2.7,3.2,1.16
290,1925,WMP,ECL,33,10,21,.323,5.06,32,14,0,1,272.0,321,203,153,,100,,106,3,,1,1227,97,,1.548,10.6,,3.3,3.5,1.06
291,1924,ABC,NNL,28,5,21,.192,6.15,20,11,1,0,155.0,211,139,106,3,60,,56,9,0,5,746,71,3.61,1.748,12.3,0.2,3.5,3.3,0.93
292,1924,AC,ECL,68,35,32,.522,4.13,65,44,2,3,571.1,611,335,262,,185,,247,4,,4,,102,,1.393,9.6,,2.9,3.9,1.34
293,1924,BBB,NNL,85,37,44,.457,3.57,79,50,4,4,683.0,693,357,271,30,176,,397,32,0,7,2916,121,3.06,1.272,9.1,0.4,2.3,5.2,2.26
294,1924,BBS,ECL,61,38,23,.623,3.83,56,31,3,1,491.0,521,293,209,,135,,243,15,,9,,110,,1.336,9.5,,2.5,4.5,1.80
295,1924,BRG,ECL,41,15,25,.375,4.24,36,27,1,1,309.2,355,188,146,,64,,156,5,,5,,100,,1.353,10.3,,1.9,4.5,2.44
296,1924,CAG,NNL,79,52,27,.658,3.52,78,36,9,8,681.0,664,345,266,9,258,,311,27,1,1,2952,123,3.25,1.354,8.8,0.1,3.4,4.1,1.21
297,1924,CBN,NNL,47,15,32,.319,6.11,34,15,1,2,278.1,372,242,189,7,105,,123,11,1,0,1314,71,3.43,1.714,12.0,0.2,3.4,4.0,1.17
298,1924,CSE,ECL,49,15,33,.313,4.61,48,32,0,1,400.1,476,280,205,,111,,212,9,,13,,92,,1.466,10.7,,2.5,4.8,1.91
299,1924,CSW,NNL,53,18,35,.340,5.95,48,28,0,0,382.2,485,312,253,29,154,,138,20,0,5,1793,73,4.37,1.670,11.4,0.7,3.6,3.2,0.90
300,1924,DS,NNL,64,35,28,.556,5.23,62,20,2,7,552.2,600,379,321,43,189,,250,25,2,1,2434,83,4.01,1.428,9.8,0.7,3.1,4.1,1.32
301,1924,HBG,ECL,61,30,31,.492,4.40,55,34,0,1,481.0,494,292,235,,147,,181,30,,6,,96,,1.333,9.2,,2.8,3.4,1.23
302,1924,HIL,ECL,73,47,26,.644,3.46,68,49,4,3,603.2,566,270,232,,134,,277,5,,6,,122,,1.160,8.4,,2.0,4.1,2.07
303,1924,KCM,NNL,79,57,22,.722,3.43,75,43,4,8,648.1,598,319,247,9,211,,270,27,4,3,2739,126,3.19,1.248,8.3,0.1,2.9,3.7,1.28
304,1924,MRS,NNL,63,24,36,.400,3.14,64,41,4,1,564.1,520,282,197,7,198,,329,31,2,7,2403,138,2.95,1.272,8.3,0.1,3.2,5.2,1.66
305,1924,NLG,ECL,64,35,28,.556,3.95,61,40,1,2,528.1,596,313,232,,146,,240,15,,4,,107,,1.404,10.2,,2.5,4.1,1.64
306,1924,SLS,NNL,84,43,41,.512,4.81,70,38,0,2,617.1,693,412,330,27,228,,259,25,2,9,2793,90,3.70,1.492,10.1,0.4,3.3,3.8,1.14
307,1924,WP,ECL,59,21,38,.356,5.41,50,29,2,0,431.0,532,353,259,,111,,189,10,,8,,78,,1.492,11.1,,2.3,3.9,1.70
308,1923,ABC,NNL,76,44,32,.579,4.20,84,54,1,3,733.1,791,438,342,43,227,,237,21,1,6,3195,105,4.17,1.388,9.7,0.5,2.8,2.9,1.04
309,1923,AC,ECL,49,23,25,.479,3.49,54,39,4,1,449.1,427,269,174,15,143,,243,13,,5,1937,115,3.43,1.269,8.6,0.3,2.9,4.9,1.70
310,1923,BBS,ECL,53,19,33,.365,5.18,57,28,1,2,483.0,573,403,278,19,161,,198,18,,18,2231,78,3.84,1.520,10.7,0.4,3.0,3.7,1.23
311,1923,BRG,ECL,33,16,16,.500,4.36,30,17,2,1,260.1,293,163,126,11,81,,128,8,,2,1150,92,3.63,1.437,10.1,0.4,2.8,4.4,1.58
312,1923,CAG,NNL,63,39,24,.619,3.68,78,42,9,5,688.0,700,363,281,21,244,,254,20,0,13,2981,120,3.85,1.372,9.2,0.3,3.2,3.3,1.04
313,1923,CSE,ECL,38,22,16,.579,3.86,35,25,2,3,305.2,341,168,131,13,68,,124,0,,5,1335,104,3.45,1.338,10.0,0.4,2.0,3.7,1.82
314,1923,CSW,NNL,57,24,33,.421,4.26,62,36,4,1,521.1,590,329,247,38,148,,180,16,0,3,2303,103,4.24,1.416,10.2,0.7,2.6,3.1,1.22
315,1923,DS,NNL,66,39,27,.591,4.36,71,30,1,10,627.2,653,420,304,55,222,,253,7,1,1,2742,101,4.46,1.394,9.4,0.8,3.2,3.6,1.14
316,1923,HIL,ECL,59,37,21,.638,3.36,61,45,2,4,530.2,531,265,198,22,138,,266,8,,5,2255,119,3.40,1.261,9.0,0.4,2.3,4.5,1.93
317,1923,KCM,NNL,86,54,32,.628,3.36,98,67,7,9,870.1,873,450,325,26,248,,433,27,0,17,3661,131,3.38,1.288,9.0,0.3,2.6,4.5,1.75
318,1923,MB,NNL,53,11,42,.208,5.10,63,35,0,3,522.2,643,418,296,31,210,,178,23,1,7,2443,87,4.46,1.632,11.1,0.5,3.6,3.1,0.85
319,1923,NLG,ECL,40,17,23,.425,3.59,33,21,1,1,295.2,328,162,118,9,70,,172,2,,3,1288,111,3.00,1.346,10.0,0.3,2.1,5.2,2.46
320,1923,SLS,NNL,72,29,43,.403,5.59,81,36,1,3,706.1,892,574,439,54,265,,295,30,0,24,3263,79,4.45,1.638,11.4,0.7,3.4,3.8,1.11
321,1923,TT,NNL,27,10,17,.370,6.03,27,12,1,1,231.1,282,195,155,18,122,,76,12,1,3,1072,74,5.13,1.746,11.0,0.7,4.7,3.0,0.62
322,1922,ABC,NNL,85,50,34,.595,4.03,101,61,6,7,879.0,869,474,394,33,285,,369,29,,12,3768,112,3.87,1.313,8.9,0.3,2.9,3.8,1.29
323,1922,CAG,NNL,62,37,24,.607,3.40,74,44,7,2,672.1,632,344,254,16,228,,329,20,,3,2857,133,3.59,1.279,8.5,0.2,3.1,4.4,1.44
324,1922,CSW,NNL,61,18,43,.295,6.12,59,38,1,1,495.2,628,416,337,34,185,,194,27,,13,2313,74,4.54,1.640,11.4,0.6,3.4,3.5,1.05
325,1922,CTS,NNL,42,15,26,.366,5.06,59,28,1,0,507.1,573,350,285,20,196,,271,13,,2,2261,90,3.83,1.516,10.2,0.4,3.5,4.8,1.38
326,1922,DS,NNL,74,42,31,.575,3.82,81,54,6,2,721.2,705,387,306,53,165,,383,27,,2,3056,118,3.84,1.206,8.8,0.7,2.1,4.8,2.32
327,1922,KCM,NNL,80,47,31,.603,3.59,84,57,4,4,740.1,760,399,295,18,213,,387,19,,18,3201,126,3.36,1.314,9.2,0.2,2.6,4.7,1.82
328,1922,PK,NNL,40,14,24,.368,6.05,42,23,1,1,351.0,456,300,236,18,126,,171,11,,3,1631,75,4.01,1.658,11.7,0.5,3.2,4.4,1.36
329,1922,SLS,NNL,62,26,36,.419,5.80,64,37,1,2,563.1,699,443,363,41,210,,300,27,,14,2600,78,4.29,1.614,11.2,0.7,3.4,4.8,1.43
330,1921,ABC,NNL,76,37,37,.500,3.94,106,61,10,3,926.1,954,535,406,35,289,,374,36,,4,4013,98,3.87,1.342,9.3,0.3,2.8,3.6,1.29
331,1921,CAG,NNL,68,44,22,.667,3.35,84,59,12,2,725.1,654,348,270,28,218,,380,29,,2,3037,115,3.61,1.202,8.1,0.3,2.7,4.7,1.74
332,1921,COB,NNL,69,30,38,.441,4.07,90,64,5,3,795.1,763,465,360,13,282,,370,38,,8,3428,95,3.63,1.314,8.6,0.1,3.2,4.2,1.31
333,1921,COG,NNL,47,10,35,.222,4.53,53,37,0,1,445.0,535,319,224,21,130,,163,30,,7,1981,85,4.10,1.494,10.8,0.4,2.6,3.3,1.25
334,1921,CS,NNL,70,29,40,.420,3.47,80,59,3,2,702.2,699,379,271,17,175,,305,32,,10,3011,111,3.47,1.244,9.0,0.2,2.2,3.9,1.74
335,1921,DS,NNL,64,30,33,.476,3.95,80,46,3,5,709.0,742,416,311,33,204,,357,38,,3,3077,98,3.76,1.334,9.4,0.4,2.6,4.5,1.75
336,1921,KCM,NNL,95,54,41,.568,3.40,101,65,4,5,875.2,842,467,331,28,266,,404,45,,10,3742,113,3.69,1.265,8.7,0.3,2.7,4.2,1.52
337,1921,SLG,NNL,75,43,31,.581,4.28,79,53,5,4,685.0,724,415,326,25,238,,382,27,,3,3000,90,3.66,1.404,9.5,0.3,3.1,5.0,1.61
338,1920,ABC,NNL,86,44,38,.537,3.74,95,52,9,4,833.2,778,460,346,11,305,,367,39,,9,3618,95,3.33,1.299,8.4,0.1,3.3,4.0,1.20
339,1920,CAG,NNL,62,43,17,.717,2.32,67,50,8,4,598.0,465,213,154,6,184,,321,19,,1,2400,153,2.88,1.085,7.0,0.1,2.8,4.8,1.74
340,1920,COG,NNL,36,5,31,.139,5.23,40,25,1,1,332.0,397,240,193,15,135,,148,23,,7,1513,68,3.93,1.602,10.8,0.4,3.7,4.0,1.10
341,1920,CSW,NNL,69,35,34,.507,3.12,61,46,1,2,525.1,517,248,182,12,175,,244,11,,6,2278,114,3.23,1.317,8.9,0.2,3.0,4.2,1.39
342,1920,DS,NNL,64,37,27,.578,3.38,64,37,2,6,575.0,508,279,216,21,217,,275,19,,6,2448,105,3.55,1.261,8.0,0.3,3.4,4.3,1.27
343,1920,DM,NNL,52,16,36,.308,4.73,42,22,2,0,361.2,373,244,190,8,151,,154,13,,8,1587,75,3.60,1.449,9.3,0.2,3.8,3.8,1.02
344,1920,KCM,NNL,79,44,33,.571,3.34,78,55,5,3,709.0,675,348,263,9,214,,382,19,,9,2991,106,2.88,1.254,8.6,0.1,2.7,4.8,1.79
345,1920,SLG,NNL,72,32,40,.444,3.48,67,51,4,2,597.0,611,315,231,10,198,,278,17,,7,2571,102,3.17,1.355,9.2,0.2,3.0,4.2,1.40
