Rk,Season,Team,Lg,GP,W,L,WL%,Bat#,PA,AB,R,H,1B,2B,3B,HR,RBI,SB,CS,BB,SO,BA,OBP,SLG,OPS,OPS+,TB,GIDP,HBP,SH,SF,IBB,LOB,R/Gm
1,1948,BBB,NAL,93,63,28,.692,18,1106,972,190,299,220,49,18,12,154,29,,99,,.308,.383,.432,.815,118,420,,20,15,,,,6.6
2,1948,BEG,NN2,80,49,29,.628,21,2234,1944,321,543,423,83,28,9,264,47,,213,,.279,.357,.365,.722,109,709,,22,55,,,,5.4
3,1948,CAG,NAL,96,38,57,.400,23,521,466,72,130,96,22,6,6,60,4,,43,,.279,.349,.391,.739,98,182,,7,5,,,,5.5
4,1948,CBE,NAL,105,48,54,.471,28,852,757,122,205,152,34,12,7,100,23,,70,,.271,.342,.375,.717,92,284,,12,13,,,,5.5
5,1948,HG,NN2,67,42,24,.636,25,1569,1395,209,359,267,54,18,20,172,38,,144,,.257,.332,.365,.697,101,509,,13,17,,,,5.0
6,1948,IC,NAL,106,40,61,.396,32,1160,1029,125,247,206,30,7,4,105,15,,107,,.240,.313,.294,.608,63,303,,3,21,,,,4.0
7,1948,KCM,NAL,104,67,34,.663,19,1799,1604,306,461,311,100,29,21,257,51,,166,,.287,.358,.425,.783,109,682,,11,18,,,,6.5
8,1948,MRS,NAL,112,43,65,.398,24,512,459,65,115,80,22,9,4,51,11,,41,,.251,.319,.364,.683,82,167,,5,7,,,,5.0
9,1948,NBY,NN2,47,9,38,.191,26,907,836,76,189,157,20,6,6,65,5,,60,,.226,.280,.286,.565,64,239,,2,9,,,,3.0
10,1948,NE,NN2,61,31,29,.517,26,1916,1689,206,405,321,46,22,16,177,23,,183,,.240,.317,.321,.638,85,543,,7,37,,,,3.8
11,1948,NYC,NN2,49,19,29,.396,33,1619,1457,206,400,285,76,28,11,181,23,,124,,.275,.333,.388,.721,108,565,,4,34,,,,4.9
12,1948,PS,NN2,62,30,31,.492,22,1808,1651,210,423,324,67,19,13,176,20,,113,,.256,.307,.343,.650,88,567,,7,37,,,,4.3
13,1947,BBB,NAL,92,50,42,.543,23,633,572,82,157,126,20,8,3,63,10,,41,,.274,.330,.353,.683,83,202,,6,14,,,,5.1
14,1947,BEG,NN2,83,41,40,.506,22,2510,2258,367,657,499,100,43,15,313,69,,176,,.291,.348,.393,.741,101,888,,22,54,,,,5.5
15,1947,CAG,NAL,87,29,58,.333,30,1157,1038,149,274,218,41,10,5,119,13,,95,,.264,.332,.337,.669,79,350,,10,14,,,,5.1
16,1947,CBE,NAL,76,57,19,.750,24,798,702,123,204,141,40,12,11,110,17,,68,,.291,.364,.429,.793,112,301,,13,15,,1,,5.9
17,1947,HG,NN2,74,35,35,.500,29,2209,1985,263,503,375,83,18,27,221,57,,175,,.253,.318,.354,.672,83,703,,13,36,,,,4.2
18,1947,IC,NAL,106,36,68,.346,37,1139,1020,136,259,207,39,10,3,114,8,,93,,.254,.320,.321,.641,72,327,,6,20,,,,4.5
19,1947,KCM,NAL,98,62,36,.633,27,2487,2169,434,633,459,103,38,33,359,79,,243,,.292,.369,.420,.789,111,911,,23,52,,,,6.7
20,1947,MRS,NAL,101,44,55,.444,25,850,728,117,181,144,28,4,5,100,18,,97,,.249,.345,.319,.664,78,232,,10,15,,,,5.6
21,1947,NBY,NN2,59,12,43,.218,34,1329,1174,161,299,244,33,16,6,140,19,,122,,.255,.330,.325,.655,78,382,,9,24,,,,4.7
22,1947,NE,NN2,92,51,40,.560,30,2205,1912,301,512,377,79,17,39,268,26,,236,,.268,.350,.388,.738,101,742,,6,51,,,,5.1
23,1947,NYC,NN2,68,47,20,.701,21,1643,1471,227,414,315,63,21,15,198,33,,131,,.281,.347,.383,.730,98,564,,16,25,,,,5.5
24,1947,PS,NN2,66,28,36,.438,23,1816,1607,247,430,340,64,19,7,219,21,,163,,.268,.337,.344,.681,86,553,,6,40,,,,5.0
25,1946,BBB,NAL,85,46,37,.554,22,391,344,46,90,76,8,5,1,31,12,,31,,.262,.339,.323,.661,95,111,,9,7,,1,,4.6
26,1946,BEG,NN2,77,38,34,.528,33,2436,2148,314,559,421,88,35,15,285,47,,224,,.260,.335,.355,.690,92,762,,19,45,,,,4.8
27,1946,CAG,NAL,106,39,64,.379,28,739,676,70,159,131,20,5,3,58,7,,46,,.235,.287,.293,.580,71,198,,3,14,,,,3.5
28,1946,CBE,NAL,80,40,38,.513,33,733,656,106,185,144,30,8,3,89,18,,57,0,.282,.347,.366,.713,110,240,,8,12,,,,5.6
29,1946,HG,NN2,77,39,35,.527,28,2308,2047,335,572,433,77,29,33,310,43,,217,,.279,.350,.394,.744,107,806,,5,39,,3,,5.6
30,1946,IC,NAL,84,35,48,.422,25,1030,902,135,233,192,30,8,3,113,19,,89,,.258,.333,.319,.652,92,288,,12,27,,,,5.2
31,1946,KCM,NAL,81,60,19,.759,24,1455,1296,198,348,272,42,23,11,159,26,,128,,.269,.338,.362,.699,106,469,,7,24,,,,5.0
32,1946,MRS,NAL,107,44,58,.431,21,460,424,46,101,81,14,4,2,39,6,,23,,.238,.284,.304,.588,73,129,,4,9,,,,3.8
33,1946,NBY,NN2,59,11,48,.186,45,1575,1416,134,319,265,42,7,5,108,16,,125,,.225,.292,.275,.567,58,390,,8,26,,1,,3.0
34,1946,NE,NN2,74,50,22,.694,26,2415,2137,410,628,460,94,34,40,369,39,,223,,.294,.363,.426,.789,119,910,,10,45,,2,,6.6
35,1946,NYC,NN2,70,37,31,.544,26,1814,1646,235,413,319,56,22,16,199,35,,130,,.251,.311,.341,.652,81,561,,13,25,,,,4.8
36,1946,PS,NN2,69,31,36,.463,31,2442,2130,335,569,475,65,15,14,299,15,,253,,.267,.346,.331,.678,89,706,,5,54,,3,,5.2
37,1945,BBB,NAL,82,47,33,.588,37,993,911,120,246,182,35,23,6,101,10,,52,,.270,.312,.379,.691,102,345,1,4,26,,0,,4.4
38,1945,BEG,NN2,70,36,32,.529,27,2145,1918,316,538,395,80,42,21,268,28,,179,,.281,.346,.399,.745,108,765,,12,36,,2,,5.6
39,1945,CAG,NAL,101,46,54,.460,27,1389,1260,199,340,275,37,20,8,173,12,,115,,.270,.332,.350,.682,100,441,,3,11,,0,,5.4
40,1945,CBE,NAL,81,63,17,.788,24,824,756,108,203,160,25,15,3,92,18,0,52,,.269,.319,.353,.672,96,267,,4,12,,0,,4.9
41,1945,HG,NN2,64,41,21,.661,28,1948,1705,270,466,366,62,23,15,241,19,,206,,.273,.354,.363,.717,100,619,,7,30,,4,,5.4
42,1945,CC,NAL,96,39,56,.411,29,821,749,81,174,146,15,9,4,71,7,0,60,,.232,.290,.292,.583,71,219,,1,11,,2,,3.7
43,1945,KCM,NAL,96,52,41,.559,30,1845,1694,261,472,366,75,21,10,226,41,,110,,.279,.326,.365,.691,102,619,,9,32,,0,,5.2
44,1945,MRS,NAL,88,20,66,.233,30,885,794,106,181,133,30,10,8,83,7,,67,,.228,.293,.321,.614,80,255,,6,18,,1,,4.4
45,1945,NBY,NN2,39,11,28,.282,26,1181,1062,132,269,204,46,14,5,108,10,,92,,.253,.316,.337,.653,82,358,,5,22,,0,,4.3
46,1945,NE,NN2,49,27,22,.551,26,845,754,102,182,142,22,7,11,87,9,,72,,.241,.313,.333,.646,81,251,,7,12,,1,,4.6
47,1945,NYC,NN2,42,15,27,.357,28,1055,958,101,215,161,32,15,7,85,10,,74,,.224,.285,.311,.596,66,298,,7,16,,0,,3.4
48,1945,PS,NN2,50,25,25,.500,32,2004,1786,293,523,417,65,27,14,246,24,,173,,.293,.358,.383,.741,107,684,,7,38,,1,,5.7
49,1944,BBB,NAL,69,47,22,.681,29,1234,1138,155,306,240,41,18,7,129,10,,64,,.269,.313,.355,.668,105,404,,9,23,,,,4.7
50,1944,BEG,NN2,72,34,38,.472,20,1293,1176,176,342,249,65,14,14,152,11,,90,,.291,.344,.406,.749,100,477,,5,22,,1,,5.2
51,1944,CAG,NAL,87,33,54,.379,31,796,733,76,200,161,25,12,2,67,15,,53,,.273,.323,.348,.671,106,255,2,1,9,,,,3.5
52,1944,CBE,NAL,79,46,33,.582,28,868,777,106,205,173,25,4,3,92,13,,59,,.264,.321,.318,.639,96,247,,6,26,,,,4.4
53,1944,HG,NN2,75,48,24,.667,29,2178,1910,349,556,408,88,35,25,316,27,,203,,.291,.364,.413,.777,107,789,2,17,48,,5,,6.3
54,1944,CC,NAL,90,49,41,.544,29,981,872,109,215,179,26,7,3,93,17,,85,,.247,.316,.303,.619,91,264,,4,20,,,,4.0
55,1944,KCM,NAL,87,39,48,.448,34,1809,1665,215,419,334,54,22,9,177,24,,112,,.252,.302,.327,.629,93,544,,8,24,,,,4.3
56,1944,MRS,NAL,114,49,65,.430,25,990,891,92,207,166,32,7,2,71,25,,71,,.232,.293,.291,.584,80,259,1,6,22,,3,,3.4
57,1944,NBY,NN2,39,7,32,.179,31,765,693,59,149,125,19,2,3,50,13,,51,,.215,.273,.261,.534,43,181,,4,17,,,,2.7
58,1944,NE,NN2,63,27,36,.429,30,1301,1165,154,293,221,45,12,15,141,12,,109,,.252,.319,.349,.668,78,407,,6,21,,2,,4.5
59,1944,NYC,NN2,54,31,21,.596,22,1435,1289,198,337,267,49,13,8,166,19,,93,,.261,.320,.338,.659,76,436,1,19,34,,5,,5.2
60,1944,PS,NN2,59,31,27,.534,29,2228,1959,362,610,463,96,36,15,323,20,,206,,.311,.379,.420,.799,113,823,3,7,56,,,,6.5
61,1943,BBB,NAL,72,45,35,.563,24,1559,1401,185,341,281,39,15,6,139,29,,124,,.243,.309,.305,.614,90,428,,9,25,0,,,4.4
62,1943,BEG,NN2,47,18,26,.409,33,1836,1663,221,414,323,55,26,10,169,33,,151,,.249,.314,.331,.645,74,551,,7,15,0,,,4.4
63,1943,CAG,NAL,71,37,33,.529,21,1281,1210,157,331,262,41,16,12,126,18,,61,,.274,.309,.364,.673,108,440,,1,9,0,,,4.6
64,1943,CBE,NAL,65,39,25,.609,23,1245,1144,137,273,218,39,13,3,113,25,,73,,.239,.286,.303,.589,82,347,,3,25,0,,,3.8
65,1943,HG,NN2,68,53,14,.791,27,2781,2438,553,804,605,117,51,31,485,56,,298,,.330,.405,.458,.863,132,1116,,10,35,0,,,7.8
66,1943,CC,NAL,95,31,59,.344,37,1271,1146,135,273,217,37,16,3,112,22,,91,,.238,.300,.306,.607,88,351,,11,23,0,,,3.8
67,1943,KCM,NAL,72,44,27,.620,28,1883,1723,216,442,348,62,21,11,171,33,,130,,.257,.312,.336,.648,100,579,,9,21,0,,,4.1
68,1943,MRS,NAL,89,34,51,.400,28,970,883,117,231,193,24,11,3,100,14,,80,,.262,.324,.324,.648,101,286,,2,5,0,,,4.3
69,1943,NBY,NN2,30,4,24,.143,38,1164,1051,130,249,195,36,14,4,110,18,,90,,.237,.303,.309,.612,65,325,,9,14,0,,,4.2
70,1943,NE,NN2,58,26,32,.448,26,1344,1190,191,310,227,51,18,14,158,30,,127,,.261,.334,.369,.703,89,439,,4,23,0,,,5.5
71,1943,NYC,NN2,34,19,14,.576,18,1480,1333,233,383,300,60,16,7,188,19,,118,,.287,.351,.372,.723,95,496,,12,17,0,,,6.1
72,1943,PS,NN2,53,21,31,.404,38,1934,1706,320,483,363,68,46,6,267,16,,210,,.283,.364,.387,.751,102,661,,7,11,0,,,6.5
73,1943,HAR,NN2,16,8,8,.500,22,534,489,68,113,86,22,1,4,59,13,,37,,.231,.289,.305,.594,60,149,,3,5,0,,,4.9
74,1942,BBB,NAL,49,27,22,.551,36,1089,983,137,271,225,32,7,7,122,32,,81,,.276,.331,.344,.675,108,338,,,25,,,,4.4
75,1942,BEG,NN2,62,36,26,.581,22,2030,1797,260,464,357,63,31,13,250,22,,180,,.258,.326,.349,.675,98,628,,,53,,,,5.0
76,1942,CAG,NAL,36,7,29,.194,43,1084,1000,98,223,189,22,10,2,84,9,,73,,.223,.276,.271,.547,68,271,,,11,,,,3.3
77,1942,CCB,NAL,61,39,21,.650,32,1144,1041,141,261,206,42,8,5,111,32,,86,,.251,.308,.321,.629,94,334,,,17,,,,4.3
78,1942,HG,NN2,69,47,19,.712,25,2045,1792,273,446,342,61,22,21,246,36,,219,,.249,.331,.343,.673,97,614,,,34,,,,5.0
79,1942,JRC,NAL,29,7,22,.241,36,436,399,33,82,69,9,4,0,26,7,,29,,.206,.259,.248,.507,56,99,,,8,,,,2.5
80,1942,KCM,NAL,39,27,12,.692,21,1361,1258,189,347,260,53,13,21,183,16,,87,,.276,.323,.389,.711,118,489,,,16,,,,5.4
81,1942,MRS,NAL,44,21,22,.488,26,890,817,127,223,178,29,11,5,102,24,,53,,.273,.317,.354,.671,106,289,,,20,,,,5.3
82,1942,NBY,NN2,36,10,25,.286,30,1252,1138,128,265,216,34,6,9,121,25,,103,,.233,.297,.297,.594,74,338,,,11,,,,3.7
83,1942,NE,NN2,61,28,30,.483,28,1891,1694,288,453,337,70,16,30,272,17,,174,,.267,.336,.381,.716,110,645,,,23,,,,5.6
84,1942,NYC,NN2,37,9,27,.250,24,865,787,75,168,137,23,7,1,73,5,,60,,.213,.269,.264,.533,56,208,,,18,,,,3.0
85,1942,PS,NN2,58,26,30,.464,25,1879,1684,274,436,337,67,11,21,254,7,,170,,.259,.327,.349,.676,98,588,,,25,,,,5.4
86,1941,BBB,NAL,45,28,17,.622,27,874,783,104,220,178,24,15,3,91,10,,50,,.281,.330,.361,.691,108,283,1,7,34,,1,,4.0
87,1941,BEG,NN2,68,44,24,.647,18,2227,1984,360,554,396,98,31,29,309,48,,180,,.279,.345,.404,.748,111,801,9,18,45,,3,,6.1
88,1941,CAG,NAL,47,16,29,.356,26,583,537,49,125,108,10,5,2,42,9,,34,,.233,.281,.281,.562,69,151,1,2,10,,1,,3.1
89,1941,HG,NN2,77,50,25,.667,22,2114,1868,335,513,353,90,29,41,297,44,,193,,.275,.346,.420,.765,115,784,4,10,43,,4,,6.0
90,1941,JRC,NAL,35,13,21,.382,23,387,347,41,79,67,9,3,0,35,1,,28,,.228,.298,.271,.569,72,94,0,7,5,,0,,3.7
91,1941,KCM,NAL,48,31,16,.660,24,1434,1256,196,313,231,46,24,12,174,36,,132,,.249,.330,.353,.682,105,443,1,19,27,,3,,5.2
92,1941,MRS,NAL,48,23,23,.500,21,710,624,95,178,140,27,9,2,81,17,,56,,.285,.352,.367,.719,116,229,1,8,22,,0,,5.0
93,1941,NBY,NN2,35,15,20,.429,40,1367,1214,157,277,211,41,13,12,133,26,,112,,.228,.303,.313,.616,74,380,4,18,23,,2,,4.0
94,1941,NE,NN2,59,30,28,.517,26,1985,1771,256,470,346,77,19,28,229,30,,165,,.265,.330,.378,.708,99,669,5,6,43,,1,,4.7
95,1941,NYC,NN2,54,21,32,.396,21,1690,1519,214,401,307,60,21,13,183,13,,131,,.264,.326,.357,.683,92,542,3,8,32,,2,,4.8
96,1941,PS,NN2,61,15,46,.246,30,1965,1781,184,420,330,61,21,8,149,29,,146,,.236,.295,.307,.602,70,547,2,4,34,,1,,3.3
97,1941,SNS,NAL,43,18,23,.439,25,708,647,84,154,122,15,15,2,69,26,,43,,.238,.290,.317,.606,82,205,0,4,14,,1,,4.2
98,1940,BBB,NAL,47,17,30,.362,30,1066,972,126,244,199,25,12,8,103,14,,69,,.251,.307,.326,.633,89,317,0,9,16,,0,,4.2
99,1940,BEG,NN2,55,32,23,.582,30,2375,2078,391,580,408,104,34,34,354,37,,245,,.279,.360,.411,.771,100,854,4,17,35,,2,,6.4
100,1940,CAG,NAL,54,22,31,.415,26,798,702,79,163,130,22,4,7,73,4,,73,,.232,.308,.305,.613,83,214,1,4,19,,0,,3.4
101,1940,HG,NN2,56,36,20,.643,26,2082,1829,328,528,392,75,37,24,286,46,,205,,.289,.364,.410,.774,101,749,4,13,35,,4,,5.9
102,1940,CBR,NAL,40,21,18,.538,27,997,847,140,187,154,23,7,3,111,28,,112,,.221,.321,.275,.596,78,233,0,13,25,,0,,5.2
103,1940,KCM,NAL,50,36,11,.766,25,1410,1261,227,362,276,53,21,12,200,52,,110,,.287,.351,.391,.742,122,493,0,14,25,,0,,6.0
104,1940,MRS,NAL,62,36,26,.581,28,1698,1507,196,372,299,53,12,8,158,41,,147,,.247,.317,.314,.631,89,473,1,9,35,,2,,4.1
105,1940,NBY,NN2,43,19,24,.442,29,1167,1040,149,274,208,48,9,9,129,14,,99,,.263,.332,.353,.685,78,367,0,8,20,,0,,4.5
106,1940,NE,NN2,51,28,22,.560,28,1501,1317,271,397,284,58,16,39,250,20,,153,,.301,.377,.459,.835,117,604,2,6,25,,1,,6.8
107,1940,NYC,NN2,40,13,26,.333,24,1142,1018,142,260,202,36,9,13,126,7,,102,,.255,.324,.347,.671,75,353,1,2,20,,1,,4.9
108,1940,TC,NAL,25,6,18,.250,20,476,424,45,89,69,10,6,4,38,21,,39,,.210,.284,.290,.574,72,123,0,5,8,0,0,,3.5
109,1940,PS,NN2,61,24,37,.393,36,2264,2005,319,551,399,93,32,27,280,16,,217,,.275,.348,.394,.741,93,789,2,8,34,,2,,5.1
110,1940,SNS,NAL,56,25,29,.463,27,1073,933,142,244,190,39,12,3,123,29,,112,,.262,.346,.339,.685,105,316,0,9,19,,0,,4.9
111,1939,IAB,NAL,16,6,10,.375,25,701,635,102,179,130,31,11,7,88,16,,66,,.282,.350,.398,.748,117,253,,,,,,,5.4
112,1939,BEG,NN2,44,21,23,.477,26,992,909,160,269,210,39,8,12,148,9,,83,,.296,.355,.396,.751,103,360,,,,,,,5.9
113,1939,CAG,NAL,74,40,34,.541,30,1253,1147,138,275,216,35,15,9,117,35,,106,,.240,.304,.320,.624,82,367,,,,,,,3.9
114,1939,HG,NN2,56,36,19,.655,24,1281,1151,252,343,237,48,21,37,219,23,,130,,.298,.369,.473,.842,127,544,,,,,,,7.6
115,1939,CBR,NAL,41,20,21,.488,27,826,753,108,202,161,30,10,1,93,22,,73,,.268,.333,.339,.672,95,255,,,,,,,4.7
116,1939,KCM,NAL,71,46,25,.648,26,1753,1627,253,423,314,68,23,18,213,58,,126,,.260,.313,.363,.676,96,591,,,,,,,5.2
117,1939,MRS,NAL,53,19,34,.358,21,731,669,61,149,115,26,6,2,49,20,,62,,.223,.289,.288,.577,68,193,,,,,,,2.8
118,1939,NBY,NN2,41,19,18,.514,22,1181,1050,137,264,217,25,9,13,123,4,,131,,.251,.334,.330,.664,80,346,,,,,,,4.4
119,1939,NE,NN2,56,32,23,.582,25,1224,1133,195,313,247,27,7,32,172,18,,91,,.276,.330,.397,.727,96,450,,,,,,,5.9
120,1939,NYC,NN2,32,7,25,.219,17,641,596,63,142,121,13,2,6,53,3,,45,,.238,.292,.297,.589,60,177,,,,,,,3.7
121,1939,TC,NALNN2,32,13,17,.433,32,662,586,94,166,126,26,8,6,70,14,,76,,.283,.366,.386,.751,118,226,,,,,,,5.9
122,1939,PS,NN2,54,24,29,.453,23,1819,1705,283,477,385,50,14,28,237,8,,114,,.280,.325,.375,.700,89,639,,,,,,,5.7
123,1939,SL3,NAL,36,15,20,.429,22,824,722,118,176,128,29,10,9,103,28,,102,,.244,.337,.349,.686,100,252,,,,,,,5.1
124,1938,BBB,NAL,59,13,46,.220,33,972,873,104,201,165,20,12,4,83,22,,73,,.230,.298,.294,.592,71,257,,11,15,,,,3.9
125,1938,BCA,NAL,63,32,31,.508,32,1629,1468,228,394,310,49,26,9,189,24,,112,,.268,.324,.356,.680,95,522,,9,40,,,,5.1
126,1938,BEG,NN2,52,26,23,.531,23,1410,1231,235,340,250,56,18,16,207,18,,135,,.276,.352,.390,.741,95,480,,8,36,,,,6.4
127,1938,CAG,NAL,81,41,37,.526,33,1445,1292,191,323,247,42,21,13,159,38,,113,,.250,.314,.345,.659,89,446,,8,32,,,,5.0
128,1938,HG,NN2,54,41,13,.759,21,1764,1556,335,480,331,79,26,44,305,8,,159,,.308,.374,.478,.852,123,743,,4,45,,,,7.3
129,1938,JRC,NAL,31,14,16,.467,23,721,652,104,177,146,22,7,2,86,17,,57,,.271,.333,.336,.669,92,219,,3,9,,,,6.1
130,1938,KCM,NAL,73,45,27,.625,32,1747,1570,282,427,296,77,34,20,239,94,,137,,.272,.333,.403,.736,111,632,,7,33,,,,5.9
131,1938,MRS,NAL,64,39,24,.619,34,1275,1155,159,311,241,45,18,7,129,39,1,87,,.269,.325,.358,.683,96,413,,9,24,,,,4.4
132,1938,NBY,NN2,40,11,28,.282,31,1114,999,124,261,198,43,11,9,115,15,,85,,.261,.320,.353,.674,78,353,,2,28,,,,4.1
133,1938,NE,NN2,53,23,30,.434,26,1011,902,136,239,176,35,12,16,123,10,,76,,.265,.324,.384,.708,86,346,,3,30,,,,4.9
134,1938,PC,NN2,55,28,26,.519,28,1516,1327,220,344,241,61,22,20,192,21,,128,,.259,.329,.384,.712,87,509,,9,52,,,,5.5
135,1938,PS,NN2,76,41,32,.562,28,2342,2007,346,535,395,80,22,38,314,13,,236,,.267,.347,.385,.732,93,773,,12,87,,,,5.3
136,1938,SEN,NN2,22,2,20,.091,23,524,457,56,119,98,15,4,2,47,1,,48,,.260,.335,.324,.658,74,148,,3,16,,,,4.0
137,1938,AB3,NAL,37,17,20,.459,22,638,577,86,143,105,20,12,6,69,24,,42,,.248,.306,.355,.661,90,205,,6,13,,,,4.5
138,1937,BBB,NAL,41,17,24,.415,22,1068,972,187,292,217,42,23,10,146,21,,70,,.300,.352,.422,.774,113,410,,7,19,,,,6.7
139,1937,WEG,NN2,62,23,36,.390,20,1352,1202,193,353,246,56,22,29,176,2,,108,,.294,.354,.449,.803,107,540,,4,38,,,,5.2
140,1937,CAG,NAL,61,36,24,.600,40,1649,1465,199,328,245,46,23,14,166,42,,118,,.224,.294,.315,.610,68,462,,28,38,,1,,4.3
141,1937,CT,NAL,55,35,19,.648,25,1487,1350,208,377,275,63,31,8,180,12,,102,,.279,.332,.390,.721,99,526,,4,31,,1,,5.2
142,1937,DTS,NAL,39,15,24,.385,26,757,674,114,181,136,16,15,14,106,11,,62,,.269,.336,.399,.735,102,269,,6,15,,,,5.7
143,1937,HG,NN2,64,45,18,.714,24,2156,1887,444,594,400,104,33,57,406,28,,190,,.315,.380,.495,.875,125,935,,8,71,,2,,8.5
144,1937,IA,NAL,39,17,21,.447,26,828,739,124,198,145,42,6,5,105,22,,69,,.268,.334,.361,.695,92,267,,4,16,,,,5.9
145,1937,KCM,NAL,72,52,19,.732,25,2067,1828,356,518,377,79,40,22,301,100,,179,,.283,.352,.406,.759,109,743,,15,45,,,,6.4
146,1937,MRS,NAL,44,15,29,.341,26,741,685,77,158,134,14,9,1,66,18,,39,,.231,.275,.282,.557,54,193,,3,14,,,,3.9
147,1937,NBY,NN2,54,22,30,.423,23,1302,1166,177,336,261,49,12,14,159,16,,100,,.288,.346,.387,.733,90,451,,3,33,,,,5.1
148,1937,NE,NN2,59,36,21,.632,19,1213,1081,203,298,205,57,22,14,184,15,,106,,.276,.343,.408,.751,94,441,,4,22,,,,6.3
149,1937,PC,NN2,55,18,36,.333,37,1464,1335,183,371,278,61,13,19,162,16,,87,,.278,.324,.386,.710,84,515,,4,38,,,,4.7
150,1937,PS,NN2,62,29,32,.475,22,1285,1140,159,289,226,49,9,5,141,3,,102,,.254,.317,.325,.642,67,371,,4,39,,,,4.3
151,1937,SL2,NAL,37,5,32,.135,39,993,896,149,256,182,42,24,8,125,11,0,72,,.286,.344,.413,.757,108,370,,8,17,,,,5.7
152,1936,WEG,NN2,64,29,34,.460,23,1762,1527,278,443,342,54,31,16,249,11,,163,,.290,.364,.398,.761,94,607,,14,58,,,,6.2
153,1936,HG,NN2,52,27,24,.529,24,1525,1335,247,403,285,68,23,27,213,22,,135,,.302,.368,.448,.816,107,598,,5,50,,,,6.3
154,1936,NBY,NN2,38,21,16,.568,19,1255,1114,190,312,233,43,16,20,167,36,,98,,.280,.345,.401,.747,90,447,,13,30,,,,5.8
155,1936,NE,NN2,59,27,31,.466,26,1193,1063,167,281,195,54,8,24,150,16,,97,,.264,.329,.398,.727,85,423,,5,28,,,,5.2
156,1936,NYC,NN2,49,22,26,.458,28,1701,1494,258,438,311,82,15,30,242,38,,145,,.293,.360,.428,.789,100,640,,12,50,,,,5.9
157,1936,PC,NN2,83,48,33,.593,25,2365,2066,358,593,448,88,24,33,324,38,,217,,.287,.356,.401,.757,93,828,,6,76,,,,5.7
158,1936,PS,NN2,75,32,42,.432,25,2004,1774,291,515,402,63,15,35,264,10,,167,,.290,.354,.402,.756,93,713,,9,54,,,,5.6
159,1935,CEG,NN2,55,29,24,.547,19,1253,1107,193,326,234,51,21,20,171,11,,107,,.294,.360,.433,.793,100,479,,6,33,,,,6.2
160,1935,CAG,NN2,56,24,31,.436,20,1885,1655,284,469,345,65,25,34,261,33,,162,,.283,.353,.415,.767,93,686,,15,53,,,,5.9
161,1935,HG,NN2,64,26,36,.419,24,1793,1577,317,477,305,109,29,34,292,31,,159,,.302,.371,.473,.844,112,746,,12,45,,,,6.9
162,1935,ND,NN2,62,18,43,.295,27,1443,1302,195,362,258,70,18,16,179,30,,101,,.278,.333,.396,.730,84,516,,7,33,,,,4.9
163,1935,BE,NN2,63,32,31,.508,30,2076,1847,326,540,412,89,17,22,289,71,,181,,.292,.357,.395,.752,90,729,,5,43,,,,5.9
164,1935,NYC,NN2,61,31,25,.554,25,1587,1396,206,372,263,75,13,21,187,29,,132,,.266,.335,.384,.719,82,536,,13,46,,,,4.9
165,1935,PC,NN2,81,51,27,.654,19,2095,1869,370,573,395,110,37,31,341,52,,169,,.307,.367,.455,.822,107,850,,10,47,,,,7.1
166,1935,PS,NN2,72,37,31,.544,25,2214,1937,335,554,414,80,31,29,297,29,,198,,.286,.354,.404,.758,91,783,,6,73,,,,5.6
167,1934,BBS,NN2,13,3,8,.273,19,240,207,37,65,55,7,2,1,35,5,,18,,.314,.374,.382,.756,112,79,,2,13,,,,6.2
168,1934,NEG,NN2,47,18,28,.391,24,1454,1313,197,375,310,40,13,12,179,34,,89,,.286,.335,.363,.698,96,477,,8,44,,,,4.9
169,1934,CAG,NN2,51,28,20,.583,20,1445,1312,191,343,258,49,24,12,172,22,,98,,.261,.314,.363,.677,89,476,,3,32,,,,4.8
170,1934,CRS,NN2,25,3,22,.120,24,779,706,71,166,136,21,7,2,66,7,,48,,.235,.288,.293,.581,63,207,,4,21,,,,3.2
171,1934,ND,NN2,35,17,17,.500,27,1156,1024,192,338,262,54,17,5,181,11,,93,,.330,.388,.431,.818,129,441,,3,36,,,,5.8
172,1934,PBG,NN2,25,5,20,.200,23,651,587,72,142,114,22,3,3,63,6,,46,,.242,.299,.305,.604,70,179,,2,16,,,,4.0
173,1934,PC,NN2,77,47,27,.635,23,2610,2314,367,659,496,102,28,33,330,51,,216,,.285,.349,.396,.745,108,916,,12,68,,,,5.2
174,1934,PS,NN2,67,39,18,.684,21,2553,2257,317,572,449,83,23,17,275,26,,209,,.253,.319,.333,.652,83,752,,7,80,,,,4.5
175,1933,ID,NN2,48,17,31,.354,33,1295,1185,139,311,247,43,19,2,121,35,,67,,.262,.307,.336,.643,75,398,,10,33,,,,3.9
176,1933,AG,NN2,10,3,7,.300,20,347,307,26,77,53,14,8,2,25,3,,28,,.251,.318,.368,.686,86,113,,2,10,,,,2.6
177,1933,BBS,NN2,31,13,18,.419,25,1369,1240,220,333,239,47,30,17,189,40,,79,,.269,.319,.396,.715,94,491,,12,38,,,,6.1
178,1933,NEG,NN2,42,19,22,.463,24,1341,1207,160,306,244,45,12,5,135,17,,80,,.254,.309,.323,.632,72,390,,16,38,,,,4.3
179,1933,CAG,NN2,64,41,22,.651,18,1615,1448,270,414,286,76,30,22,245,30,,124,,.286,.347,.425,.772,109,616,,11,32,,,,6.6
180,1933,CBB,NN2,42,15,27,.357,21,1043,936,129,254,183,40,15,16,118,15,,67,,.271,.325,.397,.722,96,372,,7,33,,,,4.8
181,1933,CG,NN2,1,0,1,.000,10,33,29,7,9,5,4,0,0,6,0,,3,,.310,.375,.448,.823,123,13,,0,1,,,,7.0
182,1933,HG,NN2,30,14,14,.500,27,815,745,97,217,148,46,16,7,92,5,,40,,.291,.331,.424,.755,104,316,,4,26,,,,4.6
183,1933,PC,NN2,65,41,21,.661,23,2714,2442,411,690,510,100,41,39,376,56,,188,,.283,.336,.405,.741,101,989,,10,74,,,,5.6
184,1932,AB2,NSL,43,18,21,.462,34,1481,1356,159,351,285,36,28,2,135,36,,88,,.259,.306,.331,.637,99,449,,4,33,,,,3.8
185,1932,BBB,NSL,19,10,9,.526,21,482,447,49,113,91,11,7,4,30,7,,28,,.253,.297,.336,.632,98,150,,0,7,,,,3.5
186,1932,BBS,EWL,55,29,26,.527,32,2345,2071,315,568,421,99,24,24,273,33,,187,,.274,.341,.380,.721,98,787,,21,66,,,,4.9
187,1932,BCA,NSL,23,6,17,.261,23,395,369,27,71,65,5,1,0,22,2,,21,,.192,.236,.211,.447,41,78,,0,5,,,,2.3
188,1932,NEG,NSL,47,24,23,.511,29,1234,1161,135,296,239,36,16,5,107,29,,51,,.255,.287,.326,.613,92,379,,1,21,,,,3.8
189,1932,CAG,NSL,46,34,12,.739,22,1622,1443,199,394,311,59,13,11,158,29,,120,,.273,.331,.355,.685,115,512,,4,55,,,,4.5
190,1932,CLS,EWL,17,5,11,.313,18,592,526,59,145,115,25,4,1,52,14,,44,,.276,.337,.344,.681,88,181,,5,17,,,,3.7
191,1932,COT,NSL,10,3,5,.375,,,,,,,,,,,,,,,,,,,,,,,,,,,
192,1932,CUP,EWL,22,10,12,.455,21,1047,941,115,250,201,30,13,6,100,20,,75,,.266,.327,.344,.671,85,324,,10,21,,,,4.1
193,1932,DW,EWL,31,26,5,.839,16,1093,963,155,262,196,54,10,2,138,21,,98,,.272,.342,.355,.697,92,342,,4,28,,,,5.3
194,1932,HG,EWL,41,24,16,.600,38,2235,1974,347,589,453,95,25,16,314,25,,179,,.298,.360,.396,.756,108,782,,10,72,,,,6.0
195,1932,HIL,EWL,29,11,18,.379,19,1044,916,117,222,186,26,5,5,106,2,,94,,.242,.314,.298,.612,69,273,,1,33,,,,4.0
196,1932,LRG,NSL,17,5,12,.294,19,391,368,39,94,81,10,2,1,31,4,,14,,.255,.283,.302,.584,83,111,,0,9,,,,3.5
197,1932,LVB,NSL,40,12,27,.308,30,575,520,63,129,103,15,11,0,56,13,,33,,.248,.293,.319,.612,92,166,,0,22,,,,3.9
198,1932,MGS,NSL,49,23,25,.479,18,898,829,134,212,186,14,11,1,114,9,,45,,.256,.294,.303,.597,87,251,,0,24,,,,5.2
199,1932,MRM,NSL,48,34,14,.708,25,1883,1711,259,458,359,63,27,9,200,46,,114,,.268,.315,.352,.666,109,602,,3,55,,,,5.0
200,1932,MRS,NSL,50,23,27,.460,21,1406,1315,177,318,256,35,24,3,105,47,,69,,.242,.280,.312,.591,85,410,,0,22,,,,4.1
201,1932,NWB,EWL,4,0,4,.000,16,143,124,17,21,18,1,0,2,13,1,,17,,.169,.270,.226,.495,37,28,,0,2,,,,4.3
202,1932,WAP,EWL,47,17,30,.362,31,2227,1958,310,564,438,73,35,18,269,62,,188,,.288,.353,.389,.742,104,761,,10,71,,,,5.3
203,1931,AB2,NNL,61,30,30,.500,31,1701,1542,220,430,338,58,26,8,184,29,,124,,.279,.336,.366,.701,96,564,,8,27,,,,4.9
204,1931,CAG,NNL,24,6,17,.261,26,726,643,89,183,152,22,7,2,80,4,,63,,.285,.355,.350,.705,97,225,,7,13,,,,4.9
205,1931,CCU,NNL,45,23,22,.511,28,1199,1061,157,261,192,51,8,10,140,18,,102,,.246,.317,.337,.655,83,358,,9,27,,,,4.8
206,1931,DS,NNL,58,25,33,.431,25,1626,1478,194,375,285,61,11,18,169,32,,120,,.254,.314,.346,.660,84,512,,10,18,,,,4.3
207,1931,LOW,NNL,58,24,33,.421,24,1089,994,127,265,213,37,5,10,115,6,,69,,.267,.321,.344,.665,86,342,,11,15,,,,4.2
208,1931,SLS,NNL,48,37,10,.787,20,1395,1181,252,320,221,60,22,17,211,48,,172,,.271,.369,.402,.771,115,475,,11,31,,,,7.2
209,1930,BBB,NNL,96,46,48,.489,30,2563,2400,356,682,516,82,55,29,317,76,,163,,.284,.330,.400,.730,97,961,,0,,,,,4.8
210,1930,NEG,NNL,82,26,55,.321,30,1617,1511,185,384,290,56,25,13,172,21,,106,,.254,.303,.350,.653,76,529,,0,,,,,4.0
211,1930,CAG,NNL,102,53,49,.520,34,2862,2618,352,694,555,89,35,15,312,31,,241,,.265,.328,.343,.671,82,898,,3,,,,,4.3
212,1930,CSW,NNL,66,25,41,.379,14,1731,1575,210,372,286,43,22,21,189,36,,152,,.236,.305,.331,.636,72,522,,4,,,,,4.4
213,1930,DS,NNL,89,52,37,.584,19,2557,2364,373,640,455,103,57,25,339,61,,193,,.271,.326,.394,.720,94,932,,0,,,,,5.2
214,1930,KCM,NNL,63,40,23,.635,18,2524,2285,387,644,463,120,38,23,339,75,,235,,.282,.350,.398,.748,102,909,,4,,,,,5.8
215,1930,LVB,NNL,44,16,28,.364,20,816,756,86,172,131,24,11,6,71,9,,58,,.228,.284,.312,.596,61,236,,2,,,,,3.7
216,1930,MRS,NNL,81,30,51,.370,36,2555,2387,339,664,505,107,39,13,309,42,,167,,.278,.326,.372,.698,88,888,,1,,,,,4.8
217,1930,SLS,NNL,95,69,25,.734,19,3611,3256,728,1045,759,161,49,76,665,82,,345,,.321,.388,.471,.858,131,1532,,10,,,,,7.8
218,1929,AC,ANL,73,21,50,.296,33,2546,2296,381,640,486,97,30,27,329,38,,235,,.279,.350,.382,.732,78,878,,15,,,,,5.6
219,1929,BBB,NNL,90,33,56,.371,25,2919,2727,383,755,590,93,36,36,351,51,,189,,.277,.324,.377,.701,82,1028,,3,,,,,4.7
220,1929,BBS,ANL,80,55,25,.688,21,2896,2595,525,812,593,131,42,46,467,82,,275,,.313,.384,.449,.833,102,1165,,26,,,,,6.6
221,1929,CAG,NNL,91,51,40,.560,34,2529,2350,322,634,500,87,34,13,281,61,,178,,.270,.321,.352,.674,75,828,,1,,,,,4.4
222,1929,CSE,ANL,58,15,41,.268,21,2170,1979,300,568,442,98,19,9,263,17,,171,,.287,.350,.369,.719,75,731,,20,,,,,5.3
223,1929,CSW,NNL,55,17,37,.315,14,1516,1397,169,354,271,54,15,14,145,33,,118,,.253,.312,.344,.656,71,480,,1,,,,,3.8
224,1929,DS,NNL,81,39,42,.481,20,2561,2342,431,720,510,101,34,75,402,46,,217,,.307,.367,.476,.842,118,1114,,2,,,,,6.3
225,1929,HG,ANL,64,32,29,.525,30,2436,2235,379,657,490,104,38,25,338,31,,193,,.294,.352,.408,.760,85,912,,8,,,,,5.7
226,1929,HIL,ANL,81,43,35,.551,27,3082,2751,502,820,589,143,42,46,450,64,,316,,.298,.373,.431,.804,95,1185,,15,,,,,6.1
227,1929,KCM,NNL,80,63,17,.788,15,2692,2421,497,759,539,125,63,32,447,150,,266,,.314,.383,.457,.839,118,1106,,5,,,,,6.6
228,1929,MRS,NNL,76,21,54,.280,29,2627,2397,285,571,471,66,15,19,254,46,,226,,.238,.305,.302,.607,59,724,,4,,,,,3.8
229,1929,NLG,ANL,68,40,26,.606,22,2588,2273,508,728,484,157,29,58,460,88,,291,,.320,.403,.491,.894,117,1117,,24,,,,,7.7
230,1929,SLS,NNL,91,56,34,.622,19,3550,3211,649,966,648,181,46,91,628,114,,331,,.301,.368,.471,.838,117,1512,,8,,,,,6.8
231,1928,AC,ECL,31,18,12,.600,26,2099,1916,323,569,451,71,26,21,285,44,,170,,.297,.358,.394,.752,94,755,,13,,,,,5.9
232,1928,BBB,NNL,99,46,53,.465,32,2992,2841,343,743,574,102,47,20,293,64,,126,,.262,.299,.352,.650,77,999,,25,,,,,3.9
233,1928,BBS,ECL,37,19,15,.559,24,2234,2020,338,580,399,114,25,42,302,66,,199,,.287,.355,.431,.786,101,870,,15,,,,,5.6
234,1928,CAG,NNL,94,55,38,.591,26,2756,2564,362,708,588,86,28,6,320,78,,160,,.276,.327,.339,.665,82,868,,32,,,,,4.8
235,1928,CSE,ECL,23,6,13,.316,16,1134,1058,167,300,226,50,8,16,152,16,,66,,.284,.332,.391,.723,85,414,,10,,,,,5.6
236,1928,CSW,NNL,54,13,41,.241,14,1701,1555,169,358,292,51,13,2,139,17,,128,,.230,.296,.284,.580,59,441,,18,,,,,3.6
237,1928,CTG,NNL,79,20,59,.253,41,2237,2096,278,606,458,95,36,17,253,36,,113,,.289,.334,.393,.727,98,824,,28,,,,,4.5
238,1928,DS,NNL,89,53,36,.596,17,3003,2743,482,784,563,124,37,60,434,49,,235,,.286,.348,.424,.771,110,1162,,25,,,,,6.0
239,1928,KCM,NNL,80,50,29,.633,19,2781,2542,385,703,548,106,33,16,320,125,,204,,.277,.339,.363,.702,92,923,,35,,,,,5.1
240,1928,MRS,NNL,84,33,51,.393,24,2761,2499,346,664,526,89,35,14,308,44,,230,,.266,.335,.346,.682,86,865,,32,,,,,4.5
241,1928,NLG,ECL,17,9,7,.563,25,1307,1185,231,349,241,67,11,30,209,36,,113,,.295,.360,.446,.806,106,528,,9,,,,,6.4
242,1928,PTG,ECL,9,2,7,.222,17,298,274,34,80,64,11,3,2,30,4,,22,,.292,.349,.376,.725,87,103,,2,,,,,4.3
243,1928,SLS,NNL,89,63,26,.708,22,3023,2812,548,893,578,157,57,101,497,53,,186,,.318,.365,.522,.887,140,1467,,25,,,,,6.9
244,1927,AC,ECL,91,55,35,.611,20,3372,3043,552,897,665,135,44,53,485,47,,313,,.295,.364,.420,.784,104,1279,,16,,,,,6.2
245,1927,BBB,NNL,100,53,44,.546,28,3426,3230,468,943,725,128,52,38,424,71,,193,,.292,.332,.399,.732,97,1289,,3,,,,,4.9
246,1927,BBS,ECL,72,34,36,.486,17,2420,2173,357,592,423,103,33,33,306,82,,224,,.272,.347,.396,.742,94,860,,23,,,,,5.3
247,1927,BRG,ECL,34,11,23,.324,20,1278,1144,177,315,238,42,17,18,156,20,,122,,.275,.351,.389,.740,93,445,,12,,,,,5.4
248,1927,CAG,NNL,94,61,32,.656,20,3234,2951,414,821,631,141,34,15,370,97,,280,,.278,.341,.364,.706,91,1075,,3,,,,,4.7
249,1927,CHT,NNL,49,13,36,.265,25,1431,1318,172,361,286,48,17,10,154,25,,110,,.274,.331,.359,.690,87,473,,3,,,,,4.4
250,1927,CSE,ECL,62,31,29,.517,20,1973,1785,275,468,362,57,20,29,240,37,,172,,.262,.332,.365,.698,82,652,,16,,,,,5.0
251,1927,CSW,NNL,70,23,46,.333,14,2229,2063,225,507,410,68,16,13,210,27,,163,,.246,.302,.313,.615,67,646,,3,,,,,3.7
252,1927,DS,NNL,99,52,47,.525,22,3296,3009,500,863,621,137,44,61,463,56,,282,,.287,.349,.422,.771,108,1271,,5,,,,,5.5
253,1927,HBG,ECL,69,38,31,.551,26,2590,2317,398,697,501,116,43,37,360,76,,248,,.301,.375,.436,.810,111,1010,,25,,,,,5.8
254,1927,HIL,ECL,87,38,48,.442,24,3083,2800,397,741,562,109,53,17,347,68,,263,,.265,.332,.360,.692,81,1007,,20,,,,,4.6
255,1927,KCM,NNL,88,55,33,.625,26,3168,2874,460,827,618,122,57,30,420,54,,294,,.288,.354,.401,.755,104,1153,,0,,,,,5.2
256,1927,MRS,NNL,97,25,69,.266,30,3037,2836,264,645,507,92,33,13,243,53,,199,,.227,.279,.297,.575,56,842,,2,,,,,3.0
257,1927,NLG,ECL,25,10,15,.400,29,1051,951,160,260,187,54,3,16,144,24,,95,,.273,.343,.387,.729,90,368,,5,,,,,5.5
258,1927,SLS,NNL,99,62,37,.626,27,3701,3394,619,1044,712,154,66,112,584,65,,303,,.308,.365,.491,.856,130,1666,,4,,,,,6.3
259,1926,ABC,NNL,91,40,50,.444,21,3089,2837,473,833,641,125,39,28,405,88,,222,,.294,.351,.395,.746,92,1120,,30,,,,,5.8
260,1926,AC,ECL,72,43,28,.606,18,2087,1857,281,471,367,68,22,14,247,22,,213,,.254,.336,.337,.672,84,625,,17,,,,,4.9
261,1926,BBS,ECL,62,22,38,.367,26,2148,1896,262,458,337,79,24,18,222,102,,228,,.242,.331,.337,.668,83,639,,24,,,,,4.4
262,1926,BRG,ECL,35,11,24,.314,16,992,893,113,223,171,31,9,12,97,24,,91,,.250,.325,.345,.670,83,308,,8,,,,,4.0
263,1926,CAG,NNL,84,57,24,.704,19,2901,2637,401,713,563,98,35,17,338,55,,239,,.270,.337,.353,.690,78,932,,25,,,,,5.0
264,1926,CEL,NNL,49,8,40,.167,39,1606,1499,182,398,295,74,14,15,163,28,,89,,.266,.314,.364,.678,75,545,,18,,,,,4.1
265,1926,CSE,ECL,51,29,22,.569,14,1566,1424,222,372,270,59,20,23,195,32,,125,,.261,.328,.379,.707,93,540,,17,,,,,5.2
266,1926,CSW,NNL,68,19,49,.279,13,2317,2142,263,597,467,84,22,24,237,30,,152,,.279,.333,.372,.705,82,797,,23,,,,,4.2
267,1926,DS,NNL,100,52,47,.525,26,3458,3098,560,894,628,133,53,80,499,123,,319,,.289,.363,.443,.806,107,1373,,41,,,,,5.9
268,1926,DM,NNL,42,6,36,.143,43,1245,1173,100,228,187,22,12,7,74,5,,64,,.194,.241,.251,.492,27,295,,8,,,,,2.8
269,1926,HBG,ECL,49,27,22,.551,24,1793,1599,291,444,308,75,24,37,260,72,,170,,.278,.356,.424,.780,113,678,,24,,,,,6.1
270,1926,HIL,ECL,88,53,33,.616,21,3236,2881,498,825,617,138,40,30,460,150,43,319,177,.286,.365,.393,.758,107,1133,,36,,,,,5.7
271,1926,KCM,NNL,82,60,22,.732,23,2836,2502,442,722,533,123,46,20,383,119,,294,,.289,.372,.398,.771,99,997,,40,,,,,5.7
272,1926,NLG,ECL,54,22,31,.415,30,1760,1586,247,431,308,78,20,25,226,35,,162,,.272,.344,.393,.737,101,624,,12,,,,,5.0
273,1926,NS,ECL,11,1,10,.091,20,318,282,38,64,52,9,2,1,34,8,,34,,.227,.314,.284,.598,64,80,,2,,,,,4.2
274,1926,SLS,NNL,98,61,35,.635,25,3600,3197,711,1051,683,178,74,116,649,155,,359,,.329,.404,.540,.943,142,1725,,44,,,,,7.7
275,1925,ABC,NNL,70,17,53,.243,35,2072,1919,261,482,374,59,28,21,242,37,,153,,.251,.306,.344,.650,74,660,,,,,,,4.6
276,1925,AC,ECL,76,36,38,.486,25,2673,2447,353,663,547,64,24,28,324,54,,226,,.271,.333,.351,.684,77,859,,,,,,,4.8
277,1925,BBB,NNL,87,27,59,.314,31,2805,2647,376,710,543,92,42,33,353,61,,158,,.268,.309,.372,.682,82,985,,,,,,,4.9
278,1925,BBS,ECL,66,33,31,.516,23,2325,2143,332,621,461,105,20,35,299,61,,182,,.290,.345,.406,.752,94,871,,,,,,,5.1
279,1925,BRG,ECL,35,14,20,.412,15,1252,1175,182,322,250,38,5,29,169,14,,77,,.274,.319,.389,.708,82,457,,,,,,,5.2
280,1925,CAG,NNL,100,57,41,.582,31,3120,2834,396,683,533,99,31,20,353,59,,286,,.241,.311,.319,.630,70,904,,,,,,,4.4
281,1925,CSE,ECL,45,18,26,.409,16,1687,1527,226,401,311,56,17,17,179,21,,160,,.263,.333,.355,.687,78,542,,,,,,,5.0
282,1925,CSW,NNL,50,20,30,.400,17,1673,1530,244,402,292,71,20,19,224,34,,143,,.263,.326,.373,.698,87,570,,,,,,,5.7
283,1925,DS,NNL,100,56,44,.560,25,3590,3277,628,945,646,146,70,83,604,128,,313,,.288,.350,.452,.802,114,1480,,,,,,,6.6
284,1925,HBG,ECL,73,48,24,.667,20,2784,2559,494,813,603,113,32,65,449,73,,225,,.318,.373,.463,.836,115,1185,,,,,,,6.8
285,1925,HIL,ECL,72,53,18,.746,18,2564,2348,462,731,513,138,42,38,400,116,,216,,.311,.369,.454,.824,112,1067,,,,,,,6.5
286,1925,KCM,NNL,84,59,23,.720,18,2959,2701,447,762,558,116,68,20,439,79,,258,,.282,.345,.398,.742,99,1074,,,,,,,5.6
287,1925,MRS,NNL,84,34,49,.410,20,2737,2540,331,635,484,95,37,19,305,61,,197,,.250,.304,.339,.643,73,861,,,,,,,4.4
288,1925,NLG,ECL,50,7,41,.146,35,1816,1662,223,449,339,65,10,35,206,35,,154,,.270,.332,.384,.717,85,639,,,,,,,4.6
289,1925,SLS,NNL,91,59,30,.663,26,3372,3027,617,956,627,187,55,87,557,116,,345,,.316,.386,.500,.886,136,1514,,,,,,,7.1
290,1925,WMP,ECL,33,10,21,.323,22,1148,1041,168,309,240,42,9,18,131,33,,107,,.297,.362,.406,.769,99,423,,,,,,,5.3
291,1924,ABC,NNL,28,5,21,.192,21,663,617,61,152,124,18,8,2,53,7,,41,,.246,.299,.311,.610,67,192,,5,,,,,3.1
292,1924,AC,ECL,68,35,32,.522,24,2383,2227,372,612,511,61,16,24,317,58,,156,,.275,.322,.349,.671,90,777,,,,,,,5.7
293,1924,BBB,NNL,85,37,44,.457,22,2832,2621,334,686,541,95,34,16,284,30,,183,,.262,.317,.342,.659,80,897,,28,,,,,4.2
294,1924,BBS,ECL,61,38,23,.623,24,2087,1948,327,557,433,77,21,26,291,61,,139,,.286,.333,.387,.721,103,754,,,,,,,5.8
295,1924,BRG,ECL,41,15,25,.375,14,1348,1262,144,334,249,57,16,12,134,31,,86,,.265,.312,.364,.675,90,459,,,,,,,4.0
296,1924,CAG,NNL,79,52,27,.658,29,2781,2462,451,669,523,100,31,15,373,96,,292,,.272,.355,.356,.711,95,876,,27,,,,,5.9
297,1924,CBN,NNL,47,15,32,.319,32,1189,1078,153,283,210,42,17,14,137,18,,100,,.263,.331,.372,.703,92,401,,11,,,,,4.8
298,1924,CSE,ECL,49,15,33,.313,16,1786,1675,219,410,333,46,20,11,186,31,,111,,.245,.292,.316,.608,72,529,,,,,,,4.6
299,1924,CSW,NNL,53,18,35,.340,15,1811,1596,276,445,325,68,30,22,239,32,,189,,.279,.364,.400,.765,109,639,,26,,,,,6.0
300,1924,DS,NNL,64,35,28,.556,23,2375,2182,341,632,478,73,51,30,295,24,,173,,.290,.347,.411,.758,107,897,,20,,,,,5.5
301,1924,HBG,ECL,61,30,31,.492,29,1999,1853,290,509,388,64,29,28,252,55,,146,,.275,.328,.386,.714,101,715,,,,,,,5.3
302,1924,HIL,ECL,73,47,26,.644,18,2505,2341,384,688,486,139,31,32,319,104,,164,,.294,.340,.421,.761,114,985,,,,,,,5.6
303,1924,KCM,NNL,79,57,22,.722,22,2918,2629,530,812,602,123,56,31,463,76,,253,,.309,.377,.434,.811,121,1140,,36,,,,,7.1
304,1924,MRS,NNL,63,24,36,.400,26,2277,2103,231,490,383,71,29,7,186,39,,155,,.233,.292,.304,.596,63,640,,19,,,,,3.6
305,1924,NLG,ECL,64,35,28,.556,23,2269,2094,345,595,453,103,15,24,286,77,,174,,.284,.339,.382,.721,104,800,,1,,,,,5.7
306,1924,SLS,NNL,84,43,41,.512,28,2591,2361,396,654,479,109,35,31,351,71,,197,,.277,.341,.392,.733,100,926,,33,,,,,5.7
307,1924,WP,ECL,59,21,38,.356,30,1954,1812,263,465,391,39,20,15,234,39,,142,,.257,.311,.325,.636,80,589,,,,,,,5.3
308,1923,ABC,NNL,76,44,32,.579,19,3262,2890,488,816,620,115,53,28,446,62,,232,,.282,.339,.388,.727,89,1121,,18,122,,,,5.8
309,1923,AC,ECL,49,23,25,.479,30,1942,1735,277,441,376,44,10,11,209,36,,135,,.254,.310,.310,.620,75,538,,6,66,,,,5.1
310,1923,BBS,ECL,53,19,33,.365,33,2116,1894,283,525,387,86,38,14,249,52,,150,,.277,.334,.385,.719,102,729,,11,61,,,,5.0
311,1923,BRG,ECL,33,16,16,.500,18,1170,1076,162,294,230,34,15,15,138,20,,59,,.273,.313,.375,.688,93,403,,4,31,,,,5.4
312,1923,CAG,NNL,63,39,24,.619,24,2944,2565,440,699,533,119,26,21,394,92,,245,,.273,.340,.364,.704,83,933,,19,115,,,,5.6
313,1923,CSE,ECL,38,22,16,.579,14,1367,1223,184,324,258,50,11,5,160,30,,86,,.265,.318,.336,.654,84,411,,9,49,,,,5.3
314,1923,CSW,NNL,57,24,33,.421,15,2397,2108,341,586,463,73,21,29,297,28,,194,,.278,.345,.374,.718,87,788,,20,75,,,,5.5
315,1923,DS,NNL,66,39,27,.591,21,2693,2365,436,660,479,91,36,54,393,9,,207,,.279,.339,.416,.755,96,985,,6,115,,,,6.1
316,1923,HIL,ECL,59,37,21,.638,20,2307,2082,374,613,459,102,17,35,326,75,,137,,.294,.342,.410,.753,111,854,,15,73,,,,6.1
317,1923,KCM,NNL,86,54,32,.628,22,3904,3413,636,1072,778,168,71,55,557,103,,306,,.314,.378,.453,.831,116,1547,,44,141,,,,6.5
318,1923,MB,NNL,53,11,42,.208,28,2340,2097,254,539,429,72,19,19,226,34,,162,,.257,.313,.337,.649,69,706,,8,73,,,,4.1
319,1923,NLG,ECL,40,17,23,.425,19,1320,1194,186,348,276,41,19,12,167,32,,86,,.291,.341,.388,.729,105,463,,4,36,,,,5.6
320,1923,SLS,NNL,72,29,43,.403,31,3088,2688,475,800,550,133,53,64,424,71,,269,,.298,.369,.458,.827,114,1231,,37,94,,,,5.9
321,1923,TT,NNL,27,10,17,.370,30,1074,939,152,265,195,48,8,14,145,18,,89,,.282,.351,.395,.746,94,371,,11,35,,,,5.6
322,1922,ABC,NNL,85,50,34,.595,20,3943,3459,605,1001,740,144,62,55,540,74,,302,,.289,.349,.415,.763,106,1434,,14,168,,,,6.2
323,1922,CAG,NNL,62,37,24,.607,18,2766,2384,388,600,469,87,24,20,325,135,,243,,.252,.326,.333,.660,79,795,,21,118,,,,5.2
324,1922,CSW,NNL,61,18,43,.295,15,2285,2037,282,499,406,60,23,10,242,42,,174,,.245,.312,.312,.623,69,635,,23,51,,,,4.8
325,1922,CTS,NNL,42,15,26,.366,27,2170,1949,274,512,375,93,33,11,229,40,,160,,.263,.322,.361,.683,85,704,,11,50,,,,4.6
326,1922,DS,NNL,74,42,31,.575,21,3088,2742,470,776,576,112,44,44,418,80,,207,,.283,.340,.404,.744,101,1108,,28,111,,,,5.8
327,1922,KCM,NNL,80,47,31,.603,23,3312,2892,504,880,640,141,40,59,445,116,,280,,.304,.372,.442,.814,120,1278,,30,110,,,,6.0
328,1922,PK,NNL,40,14,24,.368,21,1596,1412,229,409,301,86,10,12,204,31,,124,,.290,.352,.390,.743,101,551,,13,47,,,,5.5
329,1922,SLS,NNL,62,26,36,.419,25,2488,2182,389,602,417,105,47,33,335,68,,195,,.276,.343,.412,.756,104,900,,29,82,,,,6.1
330,1921,ABC,NNL,76,37,37,.500,33,4044,3544,537,995,799,116,61,19,460,85,,297,,.281,.343,.364,.707,100,1290,,41,162,,,,5.1
331,1921,CAG,NNL,68,44,22,.667,22,3014,2636,414,639,513,65,34,27,331,128,,248,,.242,.314,.324,.638,80,853,,29,101,,,,4.9
332,1921,COB,NNL,69,30,38,.441,28,3459,3096,425,814,632,106,58,18,354,130,,229,,.263,.319,.352,.671,89,1090,,26,108,,,,4.7
333,1921,COG,NNL,47,10,35,.222,26,2035,1804,237,468,383,53,24,8,200,47,,141,,.259,.320,.329,.648,83,593,,19,71,,,,4.5
334,1921,CS,NNL,70,29,40,.420,14,2987,2689,348,684,529,102,37,16,270,99,,185,,.254,.310,.338,.648,83,908,,33,80,,,,4.4
335,1921,DS,NNL,64,30,33,.476,29,3069,2712,371,711,539,107,37,28,328,47,,216,,.262,.322,.360,.682,92,976,,25,116,,,,4.6
336,1921,KCM,NNL,95,54,41,.568,23,3788,3365,544,939,702,142,53,42,452,137,,253,,.279,.336,.390,.726,104,1313,,34,136,,,,5.4
337,1921,SLG,NNL,75,43,31,.581,26,3025,2597,492,726,535,113,43,35,417,139,,257,,.280,.361,.397,.757,114,1030,,72,99,,,,6.2
338,1920,ABC,NNL,86,44,38,.537,31,3564,3125,430,806,655,97,41,13,346,78,,290,,.258,.324,.328,.651,94,1024,,13,136,,,,4.5
339,1920,CAG,NNL,62,43,17,.717,23,2469,2119,334,539,432,75,28,4,293,59,,240,,.254,.335,.322,.657,96,682,,18,92,,,,5.0
340,1920,COG,NNL,36,5,31,.139,23,1507,1331,140,312,253,40,14,5,120,20,,112,,.234,.300,.297,.597,78,395,,13,51,,,,3.5
341,1920,CSW,NNL,69,35,34,.507,13,2339,2055,285,512,419,66,18,9,229,66,,186,,.249,.318,.312,.629,88,641,,20,78,,,,4.7
342,1920,DS,NNL,64,37,27,.578,25,2423,2095,320,534,390,93,23,28,275,50,,234,,.255,.334,.361,.695,107,757,,15,79,,,,5.0
343,1920,DM,NNL,52,16,36,.308,25,1571,1405,159,328,267,42,16,3,129,49,,109,,.233,.296,.293,.588,75,411,,15,42,,,,3.8
344,1920,KCM,NNL,79,44,33,.571,26,3039,2688,394,742,570,113,39,20,325,98,,206,,.276,.331,.369,.700,109,993,,15,130,,,,5.1
345,1920,SLG,NNL,72,32,40,.444,29,2489,2175,261,544,450,69,16,9,216,80,,179,,.250,.322,.309,.631,88,672,,51,84,,,,3.9
